{
    "android": {
        "Review": {
            "LaunchLimit": 3, 
            "DayForReminding": 1, 
            "tryPromptWhenInit": true, 
            "DayLimit": 0, 
            "LaunchForReminding": 2, 
            "UserEventLimit": 0
        }
    }, 
    "ios": {
        "Review": {
            "LaunchLimit": 3, 
            "DayForReminding": 1, 
            "tryPromptWhenInit": true, 
            "AppID": "587767923", 
            "DayLimit": 0, 
            "LaunchForReminding": 2, 
            "UserEventLimit": 0
        }
    }
}