{"introduction": [{"app_a005_key": "com.sinyee.babybus.egg", "openurl": "https://play.google.com/store/apps/details?id=com.sinyee.babybus.egg", "app_android_key": "", "image": "en/introduction/com.sinyee.babybus.egg_image.png", "app_key": "com.sinyee.babybus.egg", "zhname": "u5b9du5b9du753bu5f69u86cb", "app_ios_key": ""}], "startup": [{"open_url": "https://play.google.com/store/apps/details?id=com.sinyee.babybus.bakery", "app_name": "奇妙蛋糕店", "image": "en/startup/com.sinyee.babybus.cake_image.png", "app_key": "com.sinyee.babybus.bakery", "vertical_image": "en/startup/com.sinyee.babybus.cake_vertical_image.png"}, {"open_url": "https://play.google.com/store/apps/details?id=com.sinyee.babybus.care", "app_name": "照顾小宝宝", "image": "en/startup/com.sinyee.babybus.care_image.png", "app_key": "com.sinyee.babybus.care", "vertical_image": "en/startup/com.sinyee.babybus.care_vertical_image.png"}, {"open_url": "https://play.google.com/store/apps/details?id=com.sinyee.babybus.hospital", "app_name": "奇妙怪物医院", "image": "en/startup/com.sinyee.babybus.hospital_image.png", "app_key": "com.sinyee.babybus.hospital", "vertical_image": "en/startup/com.sinyee.babybus.hospital_vertical_image.png"}, {"open_url": "https://play.google.com/store/apps/details?id=com.sinyee.babybus.drinks", "app_name": "宝宝甜品店", "image": "en/startup/com.sinyee.babybus.drinks_image.png", "app_key": "com.sinyee.babybus.drinks", "vertical_image": "en/startup/com.sinyee.babybus.drinks_vertical_image.png"}, {"open_url": "https://play.google.com/store/apps/details?id=com.sinyee.babybus.amusement", "app_name": "宝宝游乐园", "image": "en/startup/com.sinyee.babybus.amusement_image.png", "app_key": "com.sinyee.babybus.amusement", "vertical_image": ""}], "home_re": [{"open_url": "https://play.google.com/store/apps/details?id=com.sinyee.babybus.bakery", "app_name": "奇妙蛋糕店", "image": "en/home_re/com.sinyee.babybus.cake_image.png", "app_key": "com.sinyee.babybus.bakery"}, {"open_url": "https://play.google.com/store/apps/details?id=com.sinyee.babybus.care", "app_name": "照顾小宝宝", "image": "en/home_re/com.sinyee.babybus.care_image.png", "app_key": "com.sinyee.babybus.care"}, {"open_url": "https://play.google.com/store/apps/details?id=com.sinyee.babybus.hospital", "app_name": "奇妙怪物医院", "image": "en/home_re/com.sinyee.babybus.hospital_image.png", "app_key": "com.sinyee.babybus.hospital"}, {"open_url": "https://play.google.com/store/apps/details?id=com.sinyee.babybus.drinks", "app_name": "宝宝甜品店", "image": "en/home_re/com.sinyee.babybus.drinks_image.png", "app_key": "com.sinyee.babybus.drinks"}, {"open_url": "https://play.google.com/store/apps/details?id=com.sinyee.babybus.amusement", "app_name": "宝宝游乐园", "image": "en/home_re/com.sinyee.babybus.amusement_image.png", "app_key": "com.sinyee.babybus.amusement"}, {"open_url": "https://play.google.com/store/apps/details?id=com.sinyee.babybus.icecream", "app_name": "雪糕工厂", "image": "en/home_re/com.sinyee.babybus.icecream_image.png", "app_key": "com.sinyee.babybus.icecream"}, {"open_url": "https://play.google.com/store/apps/details?id=com.sinyee.babybus.restaurant", "app_name": "奇妙美食餐厅", "image": "en/home_re/com.sinyee.babybus.restaurant_image.png", "app_key": "com.sinyee.babybus.restaurant"}, {"open_url": "https://play.google.com/store/apps/details?id=com.sinyee.babybus.shopping", "app_name": "宝宝超市", "image": "en/home_re/com.sinyee.babybus.shopping_image.png", "app_key": "com.sinyee.babybus.shopping"}, {"open_url": "https://play.google.com/store/apps/details?id=com.sinyee.babybus.food", "app_name": "中华美食", "image": "en/home_re/com.sinyee.babybus.food_image.png", "app_key": "com.sinyee.babybus.food"}, {"open_url": "https://play.google.com/store/apps/details?id=com.sinyee.babybus.policemen", "app_name": "宝宝小警察", "image": "en/home_re/com.sinyee.babybus.policemen_image.png", "app_key": "com.sinyee.babybus.policemen"}, {"open_url": "https://play.google.com/store/apps/details?id=com.sinyee.babybus.kitchens", "app_name": "宝宝星际厨房", "image": "en/home_re/com.sinyee.babybus.kitchens_image.png", "app_key": "com.sinyee.babybus.kitchens"}, {"open_url": "https://play.google.com/store/apps/details?id=com.sinyee.babybus.magichouse", "app_name": "宝宝调色屋", "image": "en/home_re/com.sinyee.babybus.magichouse_image.png", "app_key": "com.sinyee.babybus.magichouse"}, {"open_url": "https://play.google.com/store/apps/details?id=com.sinyee.babybus.babyhospital", "app_name": "宝宝医院", "image": "en/home_re/com.sinyee.babybus.babyhospital_image.png", "app_key": "com.sinyee.babybus.babyhospital"}, {"open_url": "https://play.google.com/store/apps/details?id=com.sinyee.babybus.candy", "app_name": "糖果工厂", "image": "en/home_re/com.sinyee.babybus.candy_image.png", "app_key": "com.sinyee.babybus.candy"}, {"open_url": "https://play.google.com/store/apps/details?id=com.sinyee.babybus.toilet", "app_name": "自己上厕所", "image": "en/home_re/com.sinyee.babybus.toilet_image.png", "app_key": "com.sinyee.babybus.toilet"}], "shutdown": [], "welcome_re": [{"open_url": "https://play.google.com/store/apps/details?id=com.sinyee.babybus.bakery", "app_name": "奇妙蛋糕店", "image": "en/welcome_re/com.sinyee.babybus.cake_image.png", "app_key": "com.sinyee.babybus.bakery"}, {"open_url": "https://play.google.com/store/apps/details?id=com.sinyee.babybus.care", "app_name": "照顾小宝宝", "image": "en/welcome_re/com.sinyee.babybus.care_image.png", "app_key": "com.sinyee.babybus.care"}, {"open_url": "https://play.google.com/store/apps/details?id=com.sinyee.babybus.hospital", "app_name": "奇妙怪物医院", "image": "en/welcome_re/com.sinyee.babybus.hospital_image.png", "app_key": "com.sinyee.babybus.hospital"}, {"open_url": "https://play.google.com/store/apps/details?id=com.sinyee.babybus.drinks", "app_name": "宝宝甜品店", "image": "en/welcome_re/com.sinyee.babybus.drinks_image.png", "app_key": "com.sinyee.babybus.drinks"}, {"open_url": "https://play.google.com/store/apps/details?id=com.sinyee.babybus.amusement", "app_name": "宝宝游乐园", "image": "en/welcome_re/com.sinyee.babybus.amusement_image.png", "app_key": "com.sinyee.babybus.amusement"}, {"open_url": "https://play.google.com/store/apps/details?id=com.sinyee.babybus.icecream", "app_name": "雪糕工厂", "image": "en/welcome_re/com.sinyee.babybus.icecream_image.png", "app_key": "com.sinyee.babybus.icecream"}, {"open_url": "https://play.google.com/store/apps/details?id=com.sinyee.babybus.restaurant", "app_name": "奇妙美食餐厅", "image": "en/welcome_re/com.sinyee.babybus.restaurant_image.png", "app_key": "com.sinyee.babybus.restaurant"}, {"open_url": "https://play.google.com/store/apps/details?id=com.sinyee.babybus.policemen", "app_name": "宝宝小警察", "image": "en/welcome_re/com.sinyee.babybus.policemen_image.png", "app_key": "com.sinyee.babybus.policemen"}, {"open_url": "https://play.google.com/store/apps/details?id=com.sinyee.babybus.food", "app_name": "中华美食", "image": "en/welcome_re/com.sinyee.babybus.food_image.png", "app_key": "com.sinyee.babybus.food"}, {"open_url": "https://play.google.com/store/apps/details?id=com.sinyee.babybus.shopping", "app_name": "宝宝超市", "image": "en/welcome_re/com.sinyee.babybus.shopping_image.png", "app_key": "com.sinyee.babybus.shopping"}]}