{
"skeleton": { "hash": "fxtplEffdVG6eMxoE5alvQ9F3eA", "spine": "3.1.06", "width": 102.99, "height": 156.31, "images": "" },
"bones": [
	{ "name": "root" },
	{ "name": "Kepala", "parent": "root", "length": 74.02, "x": 3, "y": 29.99, "rotation": 88.45 },
	{ "name": "BombApi", "parent": "Kepala", "x": 105.98, "y": 1.86, "scaleX": 0.8, "scaleY": 0.8 },
	{ "name": "Example", "parent": "root", "x": 1, "y": -1 },
	{ "name": "MataKanan", "parent": "Kepala", "x": 23.34, "y": 24.64 },
	{ "name": "MataKiri", "parent": "Kepala", "x": 22.66, "y": -24.39 },
	{ "name": "Mulut", "parent": "Kepala", "x": -11.02, "y": 0.7 }
],
"slots": [
	{ "name": "ex", "bone": "Example" },
	{ "name": "BombBadan", "bone": "Kepala", "attachment": "BombBadan" },
	{ "name": "BombMata1", "bone": "MataKanan", "attachment": "BombMata1" },
	{ "name": "BombMata2", "bone": "MataKiri", "attachment": "BombMata1" },
	{ "name": "BombMulut1", "bone": "Mulut", "attachment": "BombMulut1" },
	{ "name": "BombApi", "bone": "BombApi", "attachment": "BombApi" }
],
"skins": {
	"default": {
		"BombApi": {
			"BombApi": { "rotation": -88.45, "width": 47, "height": 47 }
		},
		"BombBadan": {
			"BombBadan": { "x": 33.01, "y": -0.1, "rotation": -88.45, "width": 103, "height": 129 }
		},
		"BombMata1": {
			"BombMata1": { "x": 0.05, "y": -1.99, "rotation": -88.45, "width": 41, "height": 41 },
			"BombMata2": { "rotation": -88.45, "width": 41, "height": 41 }
		},
		"BombMata2": {
			"BombMata1": { "x": 0.99, "y": 0.02, "rotation": -88.45, "width": 41, "height": 41 },
			"BombMata2": { "rotation": -88.45, "width": 41, "height": 41 }
		},
		"BombMulut1": {
			"BombMulut1": { "x": 3.05, "y": -1.91, "rotation": -88.45, "width": 24, "height": 7 },
			"BombMulut2": { "rotation": -88.45, "width": 24, "height": 15 }
		}
	}
},
"animations": {
	"IdleJatuh": {
		"slots": {
			"BombMata1": {
				"attachment": [
					{ "time": 0.8333, "name": "BombMata2" },
					{ "time": 1.1666, "name": "BombMata1" }
				]
			},
			"BombMata2": {
				"attachment": [
					{ "time": 0.8333, "name": "BombMata2" },
					{ "time": 1.1666, "name": "BombMata1" }
				]
			},
			"BombMulut1": {
				"attachment": [
					{ "time": 1.3333, "name": "BombMulut1" }
				]
			}
		},
		"bones": {
			"root": {
				"rotate": [
					{ "time": 0, "angle": 0, "curve": "stepped" },
					{ "time": 0.6666, "angle": 0 }
				],
				"translate": [
					{ "time": 0, "x": 0, "y": 0, "curve": "stepped" },
					{ "time": 0.6666, "x": 0, "y": 0 }
				],
				"scale": [
					{ "time": 0, "x": 1, "y": 1, "curve": "stepped" },
					{ "time": 0.6666, "x": 1, "y": 1 }
				]
			},
			"Example": {
				"rotate": [
					{ "time": 0, "angle": 0, "curve": "stepped" },
					{ "time": 0.6666, "angle": 0 }
				],
				"translate": [
					{ "time": 0, "x": 0, "y": 0, "curve": "stepped" },
					{ "time": 0.6666, "x": 0, "y": 0 }
				],
				"scale": [
					{ "time": 0, "x": 1, "y": 1, "curve": "stepped" },
					{ "time": 0.6666, "x": 1, "y": 1 }
				]
			},
			"Kepala": {
				"rotate": [
					{ "time": 0, "angle": 0.54 },
					{ "time": 0.1666, "angle": -0.45 },
					{ "time": 0.5, "angle": 2.54 },
					{ "time": 0.8333, "angle": -0.45 },
					{ "time": 1.1666, "angle": 2.54 },
					{ "time": 1.3333, "angle": 0.54 }
				],
				"translate": [
					{ "time": 0, "x": 0, "y": 0, "curve": "stepped" },
					{ "time": 1.3333, "x": 0, "y": 0 }
				],
				"scale": [
					{ "time": 0, "x": 1, "y": 1, "curve": "stepped" },
					{ "time": 1.3333, "x": 1, "y": 1 }
				]
			},
			"Mulut": {
				"rotate": [
					{ "time": 0, "angle": 0, "curve": "stepped" },
					{ "time": 0.6666, "angle": 0 }
				],
				"translate": [
					{ "time": 0, "x": 0, "y": 0, "curve": "stepped" },
					{ "time": 0.6666, "x": 0, "y": 0 }
				],
				"scale": [
					{ "time": 0, "x": 1, "y": 1, "curve": "stepped" },
					{ "time": 0.6666, "x": 1, "y": 1 }
				]
			},
			"MataKanan": {
				"rotate": [
					{ "time": 0, "angle": 0, "curve": "stepped" },
					{ "time": 0.8333, "angle": 0 }
				],
				"translate": [
					{ "time": 0, "x": 0, "y": 0, "curve": "stepped" },
					{ "time": 0.8333, "x": 0, "y": 0 }
				],
				"scale": [
					{ "time": 0, "x": 1, "y": 1, "curve": "stepped" },
					{ "time": 0.8333, "x": 1, "y": 1 }
				]
			},
			"MataKiri": {
				"rotate": [
					{ "time": 0, "angle": 0, "curve": "stepped" },
					{ "time": 0.8333, "angle": 0 }
				],
				"translate": [
					{ "time": 0, "x": 0, "y": 0, "curve": "stepped" },
					{ "time": 0.8333, "x": 0, "y": 0 }
				],
				"scale": [
					{ "time": 0, "x": 1, "y": 1, "curve": "stepped" },
					{ "time": 0.8333, "x": 1, "y": 1 }
				]
			},
			"BombApi": {
				"rotate": [
					{ "time": 0, "angle": 0 },
					{ "time": 0.6666, "angle": 270 },
					{ "time": 1.3333, "angle": 180 }
				],
				"translate": [
					{ "time": 0, "x": 0, "y": 0 },
					{ "time": 0.6666, "x": -3.23, "y": -2.63 },
					{ "time": 1.3333, "x": -0.63, "y": -0.66 }
				],
				"scale": [
					{ "time": 0, "x": 1, "y": 1 },
					{ "time": 0.1666, "x": 0.874, "y": 0.874 },
					{ "time": 0.3333, "x": 0.999, "y": 0.999 },
					{ "time": 0.5, "x": 0.874, "y": 0.874 },
					{ "time": 0.6666, "x": 1, "y": 1 },
					{ "time": 0.8333, "x": 0.874, "y": 0.874 },
					{ "time": 1, "x": 0.999, "y": 0.999 },
					{ "time": 1.1666, "x": 0.874, "y": 0.874 },
					{ "time": 1.3333, "x": 1, "y": 1 }
				]
			}
		}
	},
	"KenaKranjang1": {
		"slots": {
			"BombMata1": {
				"attachment": [
					{ "time": 0.3333, "name": "BombMata2" },
					{ "time": 0.5, "name": "BombMata1" },
					{ "time": 0.8333, "name": "BombMata2" },
					{ "time": 1, "name": "BombMata1" }
				]
			},
			"BombMata2": {
				"attachment": [
					{ "time": 0.3333, "name": "BombMata2" },
					{ "time": 0.5, "name": "BombMata1" },
					{ "time": 0.8333, "name": "BombMata2" },
					{ "time": 1, "name": "BombMata1" }
				]
			},
			"BombMulut1": {
				"attachment": [
					{ "time": 1, "name": "BombMulut2" },
					{ "time": 1.3333, "name": "BombMulut1" }
				]
			}
		},
		"bones": {
			"BombApi": {
				"rotate": [
					{ "time": 0, "angle": 0, "curve": "stepped" },
					{ "time": 1.3333, "angle": 0 }
				],
				"translate": [
					{ "time": 0, "x": 0, "y": 0, "curve": "stepped" },
					{ "time": 1.3333, "x": 0, "y": 0 }
				],
				"scale": [
					{ "time": 0, "x": 1, "y": 1 },
					{ "time": 0.1666, "x": 1.248, "y": 1.248 },
					{ "time": 0.3333, "x": 0.999, "y": 0.999 },
					{ "time": 0.5, "x": 1.248, "y": 1.248 },
					{ "time": 0.6666, "x": 0.999, "y": 0.999 },
					{ "time": 0.8333, "x": 1.248, "y": 1.248 },
					{ "time": 1, "x": 0.999, "y": 0.999 },
					{ "time": 1.1666, "x": 1.248, "y": 1.248 },
					{ "time": 1.3333, "x": 1, "y": 1 }
				]
			},
			"root": {
				"rotate": [
					{ "time": 0, "angle": 0 }
				],
				"translate": [
					{ "time": 0, "x": 0, "y": 0 }
				],
				"scale": [
					{ "time": 0, "x": 1, "y": 1 }
				]
			},
			"MataKiri": {
				"rotate": [
					{ "time": 0, "angle": 0 }
				],
				"translate": [
					{ "time": 0, "x": 0, "y": 0 }
				],
				"scale": [
					{ "time": 0, "x": 1, "y": 1 }
				]
			},
			"Kepala": {
				"rotate": [
					{ "time": 0, "angle": 0 },
					{ "time": 0.3333, "angle": -14.71 },
					{ "time": 0.6666, "angle": 0 },
					{ "time": 1, "angle": 16.62 },
					{ "time": 1.3333, "angle": 0 }
				],
				"translate": [
					{ "time": 0, "x": 0, "y": 0 },
					{ "time": 0.3333, "x": -27.34, "y": 11.06 },
					{ "time": 0.3666, "x": -24.6, "y": 14.84 },
					{ "time": 0.4, "x": -20.57, "y": 17.75 },
					{ "time": 0.6666, "x": 0, "y": 29.29 },
					{ "time": 1, "x": 24.08, "y": 13.02 },
					{ "time": 1.3333, "x": 0, "y": 0 }
				],
				"scale": [
					{ "time": 0, "x": 1, "y": 1, "curve": "stepped" },
					{ "time": 1.3333, "x": 1, "y": 1 }
				]
			},
			"Example": {
				"rotate": [
					{ "time": 0, "angle": 0 }
				],
				"translate": [
					{ "time": 0, "x": 0, "y": 0 }
				],
				"scale": [
					{ "time": 0, "x": 1, "y": 1 }
				]
			},
			"MataKanan": {
				"rotate": [
					{ "time": 0, "angle": 0 }
				],
				"translate": [
					{ "time": 0, "x": 0, "y": 0 }
				],
				"scale": [
					{ "time": 0, "x": 1, "y": 1 }
				]
			},
			"Mulut": {
				"rotate": [
					{ "time": 0, "angle": 0 }
				],
				"translate": [
					{ "time": 0, "x": 0, "y": 0 }
				],
				"scale": [
					{ "time": 0, "x": 1, "y": 1 }
				]
			}
		}
	},
	"KenaKranjang2": {
		"slots": {
			"BombMata1": {
				"attachment": [
					{ "time": 0.3333, "name": "BombMata2" },
					{ "time": 0.6666, "name": "BombMata1" },
					{ "time": 1, "name": "BombMata2" },
					{ "time": 1.3333, "name": "BombMata1" }
				]
			},
			"BombMata2": {
				"attachment": [
					{ "time": 0.3333, "name": "BombMata2" },
					{ "time": 0.6666, "name": "BombMata1" },
					{ "time": 1, "name": "BombMata2" },
					{ "time": 1.3333, "name": "BombMata1" }
				]
			}
		},
		"bones": {
			"root": {
				"rotate": [
					{ "time": 0, "angle": 0 }
				],
				"translate": [
					{ "time": 0, "x": 0, "y": 0 }
				],
				"scale": [
					{ "time": 0, "x": 1, "y": 1 }
				]
			},
			"Example": {
				"rotate": [
					{ "time": 0, "angle": 0 }
				],
				"translate": [
					{ "time": 0, "x": 0, "y": 0 }
				],
				"scale": [
					{ "time": 0, "x": 1, "y": 1 }
				]
			},
			"Kepala": {
				"rotate": [
					{ "time": 0, "angle": 0 },
					{ "time": 0.3333, "angle": -14.71 },
					{ "time": 0.6666, "angle": 0 },
					{ "time": 1, "angle": 16.62 },
					{ "time": 1.3333, "angle": 0 }
				],
				"translate": [
					{ "time": 0, "x": 0, "y": 0 },
					{ "time": 0.3333, "x": -27.34, "y": 11.06 },
					{ "time": 0.3666, "x": -24.6, "y": 14.84 },
					{ "time": 0.4, "x": -20.57, "y": 17.75 },
					{ "time": 0.6666, "x": 0, "y": 29.29 },
					{ "time": 1, "x": 24.08, "y": 13.02 },
					{ "time": 1.3333, "x": 0, "y": 0 }
				],
				"scale": [
					{ "time": 0, "x": 1, "y": 1, "curve": "stepped" },
					{ "time": 1.3333, "x": 1, "y": 1 }
				]
			},
			"Mulut": {
				"rotate": [
					{ "time": 0, "angle": 0 }
				],
				"translate": [
					{ "time": 0, "x": 0, "y": 0 }
				],
				"scale": [
					{ "time": 0, "x": 1, "y": 1 }
				]
			},
			"MataKanan": {
				"rotate": [
					{ "time": 0, "angle": 0 }
				],
				"translate": [
					{ "time": 0, "x": 0, "y": 0 }
				],
				"scale": [
					{ "time": 0, "x": 1, "y": 1 }
				]
			},
			"MataKiri": {
				"rotate": [
					{ "time": 0, "angle": 0 }
				],
				"translate": [
					{ "time": 0, "x": 0, "y": 0 }
				],
				"scale": [
					{ "time": 0, "x": 1, "y": 1 }
				]
			},
			"BombApi": {
				"rotate": [
					{ "time": 0, "angle": 0, "curve": "stepped" },
					{ "time": 1.3333, "angle": 0 }
				],
				"translate": [
					{ "time": 0, "x": 0, "y": 0, "curve": "stepped" },
					{ "time": 1.3333, "x": 0, "y": 0 }
				],
				"scale": [
					{ "time": 0, "x": 1, "y": 1 },
					{ "time": 0.1666, "x": 1.248, "y": 1.248 },
					{ "time": 0.3333, "x": 0.999, "y": 0.999 },
					{ "time": 0.5, "x": 1.248, "y": 1.248 },
					{ "time": 0.6666, "x": 0.999, "y": 0.999 },
					{ "time": 0.8333, "x": 1.248, "y": 1.248 },
					{ "time": 1, "x": 0.999, "y": 0.999 },
					{ "time": 1.1666, "x": 1.248, "y": 1.248 },
					{ "time": 1.3333, "x": 1, "y": 1 }
				]
			}
		}
	}
}
}