{
"skeleton": { "hash": "ZrtCLT79Wg3D1F8HORiwnKxP+qQ", "spine": "3.1.06", "width": 379.34, "height": 366.32, "images": "" },
"bones": [
	{ "name": "root" },
	{ "name": "Tempelan", "parent": "root", "y": 80.96 },
	{ "name": "Badan", "parent": "Tempelan", "y": 21.08 },
	{ "name": "AlisKanan", "parent": "Badan", "x": -40.49, "y": 195.95, "rotation": 12.69 },
	{ "name": "AlisKiri", "parent": "Badan", "x": 37.53, "y": 204.97 },
	{ "name": "Bayangan", "parent": "root", "y": 26.99 },
	{ "name": "KakiKanan", "parent": "root", "length": 62, "x": -12.12, "y": 75.69, "rotation": -90.92 },
	{ "name": "KakiKiri", "parent": "root", "length": 61, "x": 24.72, "y": 78.12, "rotation": -89.06 },
	{ "name": "MataKanan", "parent": "Badan", "x": -15.49, "y": 139.48 },
	{ "name": "MataKiri", "parent": "Badan", "x": 49.47, "y": 145.71 },
	{ "name": "Mulut", "parent": "Badan", "x": 16.14, "y": 60.27 },
	{ "name": "TanganKanan", "parent": "Badan", "length": 105.47, "x": -84.99, "y": 71.42, "rotation": 167.8 },
	{ "name": "TanganKiri", "parent": "Badan", "length": 93.74, "x": 99.48, "y": 94.52, "rotation": -64.38 }
],
"slots": [
	{ "name": "ex1", "bone": "root" },
	{ "name": "Bayangan", "bone": "Bayangan", "attachment": "Bayangan" },
	{ "name": "TanganKiriBiasa", "bone": "TanganKiri", "attachment": "TanganKiriBuka" },
	{ "name": "BadanDepan", "bone": "Badan", "attachment": "BadanSerongKiri" },
	{ "name": "MataKanan", "bone": "MataKanan", "attachment": "MataKanan" },
	{ "name": "MataKiri", "bone": "MataKiri", "attachment": "MataKiri" },
	{ "name": "MulutDepanBiasa", "bone": "Mulut", "attachment": "MulutSerongBiasaKiri" },
	{ "name": "TanganKananBiasa", "bone": "TanganKanan", "attachment": "TanganKananBuka" },
	{ "name": "KakiKiri", "bone": "KakiKiri", "attachment": "KakiKiri" },
	{ "name": "KakiKanan", "bone": "KakiKanan", "attachment": "KakiKananSerong" },
	{ "name": "AlisKanan", "bone": "AlisKanan", "attachment": "AlisKanan" },
	{ "name": "AlisKiri", "bone": "AlisKiri", "attachment": "AlisKiri" }
],
"skins": {
	"default": {
		"AlisKanan": {
			"AlisKanan": { "width": 34, "height": 18 }
		},
		"AlisKiri": {
			"AlisKiri": { "x": 4.67, "y": -3.11, "width": 34, "height": 18 }
		},
		"BadanDepan": {
			"BadanSerongKiri": { "x": -24.94, "y": 126.27, "width": 255, "height": 275 }
		},
		"Bayangan": {
			"Bayangan": { "y": -7, "width": 364, "height": 41 }
		},
		"KakiKanan": {
			"KakiKananSerong": { "x": 31.28, "y": -17.49, "rotation": 90.91, "width": 80, "height": 66 }
		},
		"KakiKiri": {
			"KakiKiri": { "x": 28.52, "y": 31.53, "rotation": 89.06, "width": 103, "height": 63 }
		},
		"MataKanan": {
			"MataKanan": { "width": 23, "height": 35 }
		},
		"MataKiri": {
			"MataKiri": { "width": 23, "height": 35 }
		},
		"MulutDepanBiasa": {
			"MulutSerongBiasaKiri": { "width": 132, "height": 66 },
			"MulutSerongSenyumKiri": { "width": 123, "height": 88 }
		},
		"TanganKananBiasa": {
			"TanganKananBuka": { "x": 45.99, "y": -9.8, "rotation": -150.45, "width": 103, "height": 96 }
		},
		"TanganKiriBiasa": {
			"TanganKiriBuka": { "x": -1.44, "y": 34.39, "rotation": 55.73, "width": 103, "height": 96 }
		}
	}
},
"animations": {
	"Bye": {
		"slots": {
			"MulutDepanBiasa": {
				"attachment": [
					{ "time": 1, "name": "MulutSerongSenyumKiri" }
				]
			}
		},
		"bones": {
			"root": {
				"rotate": [
					{ "time": 0, "angle": 0, "curve": "stepped" },
					{ "time": 0.5, "angle": 0, "curve": "stepped" },
					{ "time": 1, "angle": 0, "curve": "stepped" },
					{ "time": 1.5, "angle": 0 }
				],
				"translate": [
					{ "time": 0, "x": 0, "y": 0 },
					{ "time": 0.2333, "x": 0, "y": 38 },
					{ "time": 0.3, "x": 0, "y": 36 },
					{ "time": 0.5, "x": 0, "y": 0 },
					{ "time": 0.7333, "x": 0, "y": 38 },
					{ "time": 0.8, "x": 0, "y": 36 },
					{ "time": 1, "x": 0, "y": 0 },
					{ "time": 1.2333, "x": 0, "y": 38 },
					{ "time": 1.3, "x": 0, "y": 36 },
					{ "time": 1.5, "x": 0, "y": 0 }
				],
				"scale": [
					{ "time": 0, "x": 1, "y": 1, "curve": "stepped" },
					{ "time": 0.5, "x": 1, "y": 1, "curve": "stepped" },
					{ "time": 1, "x": 1, "y": 1, "curve": "stepped" },
					{ "time": 1.5, "x": 1, "y": 1 }
				]
			},
			"Tempelan": {
				"rotate": [
					{ "time": 0, "angle": 0 }
				],
				"translate": [
					{ "time": 0, "x": 0, "y": 0 }
				],
				"scale": [
					{ "time": 0, "x": 1, "y": 1 }
				]
			},
			"Badan": {
				"rotate": [
					{ "time": 0, "angle": 0, "curve": "stepped" },
					{ "time": 1, "angle": 0 },
					{ "time": 1.2333, "angle": -11.24 },
					{ "time": 1.5, "angle": 0 }
				],
				"translate": [
					{ "time": 0, "x": 0, "y": 0, "curve": "stepped" },
					{ "time": 1, "x": 0, "y": 0, "curve": "stepped" },
					{ "time": 1.5, "x": 0, "y": 0 }
				],
				"scale": [
					{ "time": 0, "x": 1, "y": 1, "curve": "stepped" },
					{ "time": 1, "x": 1, "y": 1, "curve": "stepped" },
					{ "time": 1.5, "x": 1, "y": 1 }
				]
			},
			"TanganKanan": {
				"rotate": [
					{ "time": 0, "angle": 0 },
					{ "time": 0.2333, "angle": -25.6 },
					{ "time": 0.5, "angle": 0 },
					{ "time": 0.7333, "angle": -291.35 },
					{ "time": 1, "angle": 0 },
					{ "time": 1.2333, "angle": -310.05 },
					{ "time": 1.5, "angle": 0 }
				],
				"translate": [
					{ "time": 0, "x": 0, "y": 0, "curve": "stepped" },
					{ "time": 0.5, "x": 0, "y": 0, "curve": "stepped" },
					{ "time": 1, "x": 0, "y": 0, "curve": "stepped" },
					{ "time": 1.5, "x": 0, "y": 0 }
				],
				"scale": [
					{ "time": 0, "x": 1, "y": 1, "curve": "stepped" },
					{ "time": 0.5, "x": 1, "y": 1, "curve": "stepped" },
					{ "time": 1, "x": 1, "y": 1, "curve": "stepped" },
					{ "time": 1.5, "x": 1, "y": 1 }
				]
			},
			"TanganKiri": {
				"rotate": [
					{ "time": 0, "angle": -19.45 },
					{ "time": 0.2333, "angle": -50.25 },
					{ "time": 0.5, "angle": -19.45 },
					{ "time": 0.7333, "angle": 12.77 },
					{ "time": 1, "angle": -19.45 },
					{ "time": 1.2333, "angle": -31.53 },
					{ "time": 1.5, "angle": -19.45 }
				],
				"translate": [
					{ "time": 0, "x": 0, "y": 0, "curve": "stepped" },
					{ "time": 0.5, "x": 0, "y": 0 },
					{ "time": 0.7333, "x": 0, "y": -9.35 },
					{ "time": 1, "x": 0, "y": 0 },
					{ "time": 1.2333, "x": 0, "y": -9.35 },
					{ "time": 1.5, "x": 0, "y": 0 }
				],
				"scale": [
					{ "time": 0, "x": 1, "y": 1, "curve": "stepped" },
					{ "time": 0.5, "x": 1, "y": 1, "curve": "stepped" },
					{ "time": 1, "x": 1, "y": 1, "curve": "stepped" },
					{ "time": 1.5, "x": 1, "y": 1 }
				]
			},
			"KakiKanan": {
				"rotate": [
					{ "time": 0, "angle": 0 },
					{ "time": 0.2333, "angle": 17.4 },
					{ "time": 0.5, "angle": 0 },
					{ "time": 0.7333, "angle": -25.08 },
					{ "time": 1, "angle": 0 },
					{ "time": 1.2333, "angle": -25.08 },
					{ "time": 1.5, "angle": 0 }
				],
				"translate": [
					{ "time": 0, "x": 0, "y": 0, "curve": "stepped" },
					{ "time": 0.5, "x": 0, "y": 0, "curve": "stepped" },
					{ "time": 1, "x": 0, "y": 0, "curve": "stepped" },
					{ "time": 1.5, "x": 0, "y": 0 }
				],
				"scale": [
					{ "time": 0, "x": 1, "y": 1, "curve": "stepped" },
					{ "time": 0.5, "x": 1, "y": 1, "curve": "stepped" },
					{ "time": 1, "x": 1, "y": 1, "curve": "stepped" },
					{ "time": 1.5, "x": 1, "y": 1 }
				]
			},
			"KakiKiri": {
				"rotate": [
					{ "time": 0, "angle": 0 },
					{ "time": 0.2333, "angle": 43.57 },
					{ "time": 0.5, "angle": 0 },
					{ "time": 0.7333, "angle": -37.03 },
					{ "time": 1, "angle": 0 },
					{ "time": 1.2333, "angle": 25.58 },
					{ "time": 1.5, "angle": 0 }
				],
				"translate": [
					{ "time": 0, "x": 0, "y": 0 },
					{ "time": 0.2333, "x": 15.58, "y": -4.67 },
					{ "time": 0.5, "x": 0, "y": 0 },
					{ "time": 0.7333, "x": 10.91, "y": 1.55 },
					{ "time": 1, "x": 0, "y": 0 },
					{ "time": 1.2333, "x": 10.91, "y": 1.55 },
					{ "time": 1.5, "x": 0, "y": 0 }
				],
				"scale": [
					{ "time": 0, "x": 1, "y": 1, "curve": "stepped" },
					{ "time": 0.5, "x": 1, "y": 1, "curve": "stepped" },
					{ "time": 1, "x": 1, "y": 1, "curve": "stepped" },
					{ "time": 1.5, "x": 1, "y": 1 }
				]
			},
			"MataKanan": {
				"rotate": [
					{ "time": 0, "angle": 0 }
				],
				"translate": [
					{ "time": 0, "x": -7.79, "y": -1.55 }
				],
				"scale": [
					{ "time": 0, "x": 1, "y": 1 }
				]
			},
			"MataKiri": {
				"rotate": [
					{ "time": 0, "angle": 0 }
				],
				"translate": [
					{ "time": 0, "x": -3.11, "y": -3.11 }
				],
				"scale": [
					{ "time": 0, "x": 1, "y": 1 }
				]
			},
			"Mulut": {
				"rotate": [
					{ "time": 0, "angle": 0, "curve": "stepped" },
					{ "time": 1, "angle": 0, "curve": "stepped" },
					{ "time": 1.5, "angle": 0 }
				],
				"translate": [
					{ "time": 0, "x": 0, "y": 0, "curve": "stepped" },
					{ "time": 1, "x": 0, "y": 0, "curve": "stepped" },
					{ "time": 1.5, "x": 0, "y": 0 }
				],
				"scale": [
					{ "time": 0, "x": 1, "y": 1, "curve": "stepped" },
					{ "time": 1, "x": 1, "y": 1 },
					{ "time": 1.2333, "x": 1.143, "y": 1.143 },
					{ "time": 1.5, "x": 1, "y": 1 }
				]
			},
			"Bayangan": {
				"rotate": [
					{ "time": 0, "angle": 0, "curve": "stepped" },
					{ "time": 0.5, "angle": 0, "curve": "stepped" },
					{ "time": 1, "angle": 0, "curve": "stepped" },
					{ "time": 1.5, "angle": 0 }
				],
				"translate": [
					{ "time": 0, "x": 0, "y": 0 },
					{ "time": 0.2333, "x": 0, "y": -37.99 },
					{ "time": 0.3, "x": 0, "y": -35.99 },
					{ "time": 0.5, "x": 0, "y": 0 },
					{ "time": 0.7333, "x": 0, "y": -37.99 },
					{ "time": 0.8, "x": 0, "y": -35.99 },
					{ "time": 1, "x": 0, "y": 0 },
					{ "time": 1.2333, "x": 0, "y": -37.99 },
					{ "time": 1.3, "x": 0, "y": -35.99 },
					{ "time": 1.5, "x": 0, "y": 0 }
				],
				"scale": [
					{ "time": 0, "x": 1, "y": 1 },
					{ "time": 0.2333, "x": 0.812, "y": 1 },
					{ "time": 0.5, "x": 1, "y": 1 },
					{ "time": 0.7333, "x": 0.75, "y": 1 },
					{ "time": 1, "x": 1, "y": 1 },
					{ "time": 1.2333, "x": 0.797, "y": 1 },
					{ "time": 1.5, "x": 1, "y": 1 }
				]
			},
			"AlisKanan": {
				"rotate": [
					{ "time": 0, "angle": 0, "curve": "stepped" },
					{ "time": 1, "angle": 0 },
					{ "time": 1.2333, "angle": -24.92 },
					{ "time": 1.5, "angle": 0 }
				],
				"translate": [
					{ "time": 0, "x": 0, "y": 0, "curve": "stepped" },
					{ "time": 1, "x": 0, "y": 0 },
					{ "time": 1.2333, "x": 7.79, "y": -3.11 },
					{ "time": 1.5, "x": 0, "y": 0 }
				],
				"scale": [
					{ "time": 0, "x": 1, "y": 1, "curve": "stepped" },
					{ "time": 1, "x": 1, "y": 1, "curve": "stepped" },
					{ "time": 1.5, "x": 1, "y": 1 }
				]
			},
			"AlisKiri": {
				"rotate": [
					{ "time": 0, "angle": 0, "curve": "stepped" },
					{ "time": 1, "angle": 0 },
					{ "time": 1.2333, "angle": 23.44 },
					{ "time": 1.5, "angle": 0 }
				],
				"translate": [
					{ "time": 0, "x": 0, "y": 0, "curve": "stepped" },
					{ "time": 1, "x": 0, "y": 0 },
					{ "time": 1.2333, "x": -12.47, "y": -3.11 },
					{ "time": 1.5, "x": 0, "y": 0 }
				],
				"scale": [
					{ "time": 0, "x": 1, "y": 1, "curve": "stepped" },
					{ "time": 1, "x": 1, "y": 1, "curve": "stepped" },
					{ "time": 1.5, "x": 1, "y": 1 }
				]
			}
		}
	}
}
}