{
"skeleton": { "hash": "NuKjE4IMuQVm8hDPrLGLCbgYV+Q", "spine": "3.4.02", "width": 663, "height": 663, "images": "./../Mia/" },
"bones": [
	{ "name": "Root" },
	{ "name": "BGResult", "parent": "Root", "y": 255.42 },
	{ "name": "Badan", "parent": "Root", "length": 84.93, "rotation": 90, "y": 144.81 },
	{ "name": "Glow", "parent": "Root", "x": -4.64, "y": 258.14 },
	{ "name": "Kanan", "parent": "Badan", "length": 66.66, "rotation": 139.5, "x": 82.2, "y": 26.86 },
	{ "name": "Kepala", "parent": "Badan", "length": 140.92, "x": 102.73 },
	{ "name": "Kiri", "parent": "Badan", "length": 66.66, "rotation": -133.61, "x": 85.48, "y": -25.22 },
	{ "name": "KumisKanan", "parent": "Kepala", "length": 56.61, "rotation": 89.99, "x": 34.32, "y": 62.42 },
	{ "name": "KumisKiri", "parent": "Kepala", "length": 56.61, "rotation": -90, "x": 34.32, "y": -62.42 },
	{ "name": "KupingKanan", "parent": "Kepala", "length": 53.37, "rotation": 57.43, "x": 159.57, "y": 60.75 },
	{ "name": "KupingKiri", "parent": "Kepala", "length": 53.37, "rotation": -57.15, "x": 159.57, "y": -60.75 },
	{ "name": "MataKanan", "parent": "Kepala", "rotation": -360, "x": 108.52, "y": 57.3 },
	{ "name": "MataKiri", "parent": "Kepala", "x": 108.52, "y": -57.3 },
	{ "name": "Mulut", "parent": "Kepala", "x": 39.62 },
	{ "name": "Pita", "parent": "Root", "x": -1.2, "y": 86.13 },
	{ "name": "Rambut", "parent": "Kepala", "x": 174.9 },
	{ "name": "RonaKanan", "parent": "Kepala", "x": 62.44, "y": 88.58 },
	{ "name": "RonaKiri", "parent": "Kepala", "x": 62.44, "y": -88.58 },
	{ "name": "TanganKanan", "parent": "Kanan", "length": 46.35, "rotation": -4.49, "x": 52.64, "y": -0.9 },
	{ "name": "TanganKiri", "parent": "Kiri", "length": 45.33, "rotation": -5.81, "x": 55.66, "y": 0.78 }
],
"slots": [
	{ "name": "Bayangan", "bone": "Root" },
	{ "name": "Glow", "bone": "Glow", "attachment": "Glow" },
	{ "name": "BG", "bone": "BGResult", "attachment": "BGAyoCobaLagi" },
	{ "name": "PundakKiri", "bone": "Kiri", "attachment": "PundakKiri" },
	{ "name": "PundakKanan", "bone": "Kanan", "attachment": "PundakKanan" },
	{ "name": "KupingDepanKiri", "bone": "KupingKiri", "attachment": "KupingDepanKiri" },
	{ "name": "KupingDepanKanan", "bone": "KupingKanan", "attachment": "KupingDepanKanan" },
	{ "name": "BadanDepan", "bone": "Badan", "attachment": "BadanDepan" },
	{ "name": "KepalaDepan", "bone": "Kepala", "attachment": "KepalaDepan" },
	{ "name": "RonaKiri", "bone": "RonaKiri", "attachment": "RonaPipi" },
	{ "name": "RonaKanan", "bone": "RonaKanan", "attachment": "RonaPipi" },
	{ "name": "MataKiri", "bone": "MataKiri", "attachment": "MataKiri1" },
	{ "name": "Mata1", "bone": "MataKanan", "attachment": "MataKanan1" },
	{ "name": "Rambut", "bone": "Rambut", "attachment": "PoniDepan" },
	{ "name": "Mulut", "bone": "Mulut", "attachment": "Mulut2" },
	{ "name": "KumisKiri", "bone": "KumisKiri", "attachment": "KumisKiri" },
	{ "name": "KumisKanan", "bone": "KumisKanan", "attachment": "KumisKanan" },
	{ "name": "TanganKanan", "bone": "TanganKanan", "attachment": "TanganKanan" },
	{ "name": "TanganKiri", "bone": "TanganKiri", "attachment": "TanganKiri" },
	{ "name": "Pitaa", "bone": "Pita", "attachment": "PitaAyoCobaLagi" }
],
"skins": {
	"default": {
		"BG": {
			"BGAyoCobaLagi": { "y": 3.11, "width": 412, "height": 412 },
			"BGBagus": { "width": 412, "height": 412 },
			"BGHebat": { "width": 412, "height": 412 },
			"BGLuarBiasa": { "width": 412, "height": 412 },
			"BGPintar": { "width": 412, "height": 412 }
		},
		"BadanDepan": {
			"BadanDepan": { "x": 44.99, "rotation": -90, "width": 105, "height": 126 }
		},
		"Glow": {
			"Glow": { "width": 663, "height": 663 }
		},
		"KepalaDepan": {
			"KepalaDepan": { "x": 99.99, "rotation": -90, "width": 237, "height": 227 },
			"KepalaSampingKanan": { "x": 96.42, "y": -0.35, "rotation": -90, "width": 248, "height": 227 },
			"KepalaSampingKiri": { "x": 96.5, "rotation": -90, "width": 248, "height": 227 }
		},
		"KumisKanan": {
			"KumisKanan": { "x": 29.99, "rotation": 179.99, "width": 75, "height": 66 }
		},
		"KumisKiri": {
			"KumisKiri": { "x": 30, "width": 76, "height": 66 }
		},
		"KupingDepanKanan": {
			"KupingDepanKanan": { "x": 16.85, "y": 10.76, "rotation": -147.22, "width": 74, "height": 77 }
		},
		"KupingDepanKiri": {
			"KupingDepanKiri": { "x": 16.8, "y": -10.84, "rotation": -33.12, "width": 74, "height": 77 }
		},
		"Mata1": {
			"MataKanan1": { "y": -10, "rotation": -90, "width": 69, "height": 75 },
			"MataKanan2": { "y": -10, "rotation": -90, "width": 69, "height": 75 },
			"MataKanan3": { "y": -10, "rotation": -90, "width": 69, "height": 75 },
			"MataKanan4": { "y": -10, "rotation": -90, "width": 69, "height": 75 },
			"MataKanan5": { "y": -10, "rotation": -90, "width": 69, "height": 75 },
			"MataKanan6": { "y": -10, "rotation": -90, "width": 69, "height": 75 }
		},
		"MataKiri": {
			"MataKiri1": { "y": 10, "rotation": -90, "width": 69, "height": 75 },
			"MataKiri2": { "y": 10, "rotation": -90, "width": 69, "height": 75 },
			"MataKiri3": { "y": 10, "rotation": -90, "width": 69, "height": 75 },
			"MataKiri4": { "y": 10, "rotation": -90, "width": 69, "height": 75 },
			"MataKiri5": { "y": 10, "rotation": -90, "width": 69, "height": 75 },
			"MataKiri6": { "y": 10, "rotation": -90, "width": 69, "height": 75 }
		},
		"Mulut": {
			"Mulut1": { "x": 4.57, "rotation": -90, "width": 80, "height": 65 },
			"Mulut2": { "rotation": -90, "width": 80, "height": 54 }
		},
		"Pitaa": {
			"EN_PitaAyoCobaLagi": { "width": 532, "height": 160 },
			"EN_PitaBagus": { "width": 532, "height": 160 },
			"EN_PitaHebat": { "width": 532, "height": 160 },
			"EN_PitaLuarBiasa": { "width": 532, "height": 160 },
			"EN_PitaPintar": { "width": 532, "height": 160 },
			"PitaAyoCobaLagi": { "y": -5.02, "width": 531, "height": 159 },
			"PitaBagus": { "width": 531, "height": 159 },
			"PitaHebat": { "width": 531, "height": 159 },
			"PitaLuarBiasa": { "width": 531, "height": 159 },
			"PitaPintar": { "width": 531, "height": 159 }
		},
		"PundakKanan": {
			"PundakKanan": { "x": 27.54, "y": -4.48, "rotation": 130.64, "width": 36, "height": 39 }
		},
		"PundakKiri": {
			"PundakKiri": { "x": 26.73, "y": 2.81, "rotation": 43.49, "width": 36, "height": 38 }
		},
		"Rambut": {
			"PoniDepan": { "rotation": -90, "width": 71, "height": 63 },
			"PoniSampingKanan": { "x": -1.88, "y": 43.73, "rotation": -90, "width": 89, "height": 72 },
			"PoniSampingKiri": { "x": 4.06, "y": -47, "rotation": -90, "width": 89, "height": 57 }
		},
		"RonaKanan": {
			"RonaPipi": { "rotation": -90, "width": 25, "height": 9 }
		},
		"RonaKiri": {
			"RonaPipi": { "rotation": -90, "width": 25, "height": 9 }
		},
		"TanganKanan": {
			"TanganKanan": { "x": 6.95, "y": -6.95, "rotation": 134.74, "width": 46, "height": 36 }
		},
		"TanganKiri": {
			"TanganKiri": { "x": 6.75, "y": 2.84, "rotation": 49.24, "width": 46, "height": 36 }
		}
	}
},
"animations": {
	"ENResultAyoCobaLagi": {
		"slots": {
			"Mata1": {
				"attachment": [
					{ "time": 1, "name": "MataKanan3" },
					{ "time": 1.0666, "name": "MataKanan2" },
					{ "time": 1.2, "name": "MataKanan1" }
				]
			},
			"MataKiri": {
				"attachment": [
					{ "time": 1, "name": "MataKiri3" },
					{ "time": 1.0666, "name": "MataKiri2" },
					{ "time": 1.2, "name": "MataKiri1" }
				]
			},
			"Mulut": {
				"attachment": [
					{ "time": 0, "name": "Mulut1" }
				]
			},
			"Pitaa": {
				"attachment": [
					{ "time": 0, "name": "EN_PitaAyoCobaLagi" }
				]
			}
		},
		"bones": {
			"Badan": {
				"rotate": [
					{ "time": 0, "angle": 0 }
				],
				"translate": [
					{ "time": 0, "x": 0, "y": -14.03 }
				],
				"scale": [
					{ "time": 0, "x": 1, "y": 1 }
				]
			},
			"Kepala": {
				"rotate": [
					{ "time": 0, "angle": 0 }
				],
				"translate": [
					{ "time": 0, "x": 0, "y": 0 },
					{ "time": 0.3333, "x": -3.44, "y": 0 },
					{ "time": 0.6666, "x": 0, "y": 0 },
					{ "time": 1, "x": -3.44, "y": 0 },
					{ "time": 1.3333, "x": 0, "y": 0 }
				],
				"scale": [
					{ "time": 0, "x": 1, "y": 1 }
				]
			},
			"KumisKanan": {
				"rotate": [
					{ "time": 0, "angle": 0 },
					{ "time": 0.3333, "angle": 5 },
					{ "time": 0.6666, "angle": 0 },
					{ "time": 1, "angle": 5 },
					{ "time": 1.3333, "angle": 0 }
				],
				"translate": [
					{ "time": 0, "x": 0, "y": 0, "curve": "stepped" },
					{ "time": 0.6666, "x": 0, "y": 0, "curve": "stepped" },
					{ "time": 1.3333, "x": 0, "y": 0 }
				],
				"scale": [
					{ "time": 0, "x": 1, "y": 1, "curve": "stepped" },
					{ "time": 0.6666, "x": 1, "y": 1, "curve": "stepped" },
					{ "time": 1.3333, "x": 1, "y": 1 }
				]
			},
			"KumisKiri": {
				"rotate": [
					{ "time": 0, "angle": 0 },
					{ "time": 0.3333, "angle": 355 },
					{ "time": 0.6666, "angle": 0 },
					{ "time": 1, "angle": 355 },
					{ "time": 1.3333, "angle": 0 }
				],
				"translate": [
					{ "time": 0, "x": 0, "y": 0, "curve": "stepped" },
					{ "time": 0.6666, "x": 0, "y": 0, "curve": "stepped" },
					{ "time": 1.3333, "x": 0, "y": 0 }
				],
				"scale": [
					{ "time": 0, "x": 1, "y": 1, "curve": "stepped" },
					{ "time": 0.6666, "x": 1, "y": 1, "curve": "stepped" },
					{ "time": 1.3333, "x": 1, "y": 1 }
				]
			},
			"KupingKanan": {
				"rotate": [
					{ "time": 0, "angle": 0 },
					{ "time": 0.3333, "angle": 10 },
					{ "time": 0.6666, "angle": 0 },
					{ "time": 1, "angle": 10 },
					{ "time": 1.3333, "angle": 0 }
				],
				"translate": [
					{ "time": 0, "x": 0, "y": 0 }
				],
				"scale": [
					{ "time": 0, "x": 1, "y": 1 }
				]
			},
			"KupingKiri": {
				"rotate": [
					{ "time": 0, "angle": 0 },
					{ "time": 0.3333, "angle": 350 },
					{ "time": 0.6666, "angle": 0 },
					{ "time": 1, "angle": 350 },
					{ "time": 1.3333, "angle": 0 }
				],
				"translate": [
					{ "time": 0, "x": 0, "y": 0 }
				],
				"scale": [
					{ "time": 0, "x": 1, "y": 1 }
				]
			},
			"MataKanan": {
				"rotate": [
					{ "time": 0, "angle": 0 }
				],
				"translate": [
					{ "time": 0, "x": 0, "y": 0 }
				],
				"scale": [
					{ "time": 0, "x": 1, "y": 1 }
				]
			},
			"MataKiri": {
				"rotate": [
					{ "time": 0, "angle": 0 }
				],
				"translate": [
					{ "time": 0, "x": 0, "y": 0 }
				],
				"scale": [
					{ "time": 0, "x": 1, "y": 1 }
				]
			},
			"Mulut": {
				"rotate": [
					{ "time": 0, "angle": 0 }
				],
				"translate": [
					{ "time": 0, "x": 0, "y": 0 }
				],
				"scale": [
					{ "time": 0, "x": 1, "y": 1 }
				]
			},
			"Rambut": {
				"rotate": [
					{ "time": 0, "angle": 0 }
				],
				"translate": [
					{ "time": 0, "x": 0, "y": 0 }
				],
				"scale": [
					{ "time": 0, "x": 1, "y": 1 }
				]
			},
			"RonaKanan": {
				"rotate": [
					{ "time": 0, "angle": 0 }
				],
				"translate": [
					{ "time": 0, "x": 0, "y": 0 }
				],
				"scale": [
					{ "time": 0, "x": 1, "y": 1 }
				]
			},
			"RonaKiri": {
				"rotate": [
					{ "time": 0, "angle": 0 }
				],
				"translate": [
					{ "time": 0, "x": 0, "y": 0 }
				],
				"scale": [
					{ "time": 0, "x": 1, "y": 1 }
				]
			},
			"Kanan": {
				"rotate": [
					{ "time": 0, "angle": -32.55 },
					{ "time": 0.3333, "angle": -19.63 },
					{ "time": 0.6666, "angle": -32.55 },
					{ "time": 1, "angle": -19.63 },
					{ "time": 1.3333, "angle": -32.55 }
				],
				"translate": [
					{ "time": 0, "x": 0, "y": 0, "curve": "stepped" },
					{ "time": 0.6666, "x": 0, "y": 0, "curve": "stepped" },
					{ "time": 1.3333, "x": 0, "y": 0 }
				],
				"scale": [
					{ "time": 0, "x": 1, "y": 1, "curve": "stepped" },
					{ "time": 0.6666, "x": 1, "y": 1, "curve": "stepped" },
					{ "time": 1.3333, "x": 1, "y": 1 }
				]
			},
			"Kiri": {
				"rotate": [
					{ "time": 0, "angle": 25.2 },
					{ "time": 0.3333, "angle": 17.34 },
					{ "time": 0.6666, "angle": 25.2 },
					{ "time": 1, "angle": 17.34 },
					{ "time": 1.3333, "angle": 25.2 }
				],
				"translate": [
					{ "time": 0, "x": 0, "y": 0, "curve": "stepped" },
					{ "time": 0.6666, "x": 0, "y": 0, "curve": "stepped" },
					{ "time": 1.3333, "x": 0, "y": 0 }
				],
				"scale": [
					{ "time": 0, "x": 1, "y": 1, "curve": "stepped" },
					{ "time": 0.6666, "x": 1, "y": 1, "curve": "stepped" },
					{ "time": 1.3333, "x": 1, "y": 1 }
				]
			},
			"TanganKanan": {
				"rotate": [
					{ "time": 0, "angle": -71.62 },
					{ "time": 0.3333, "angle": -50.04 },
					{ "time": 0.6666, "angle": -71.62 },
					{ "time": 1, "angle": -50.04 },
					{ "time": 1.3333, "angle": -71.62 }
				],
				"translate": [
					{ "time": 0, "x": -5.15, "y": -11.01 },
					{ "time": 0.3333, "x": -3.44, "y": -8.03 },
					{ "time": 0.6666, "x": -5.15, "y": -11.01 },
					{ "time": 1, "x": -3.44, "y": -8.03 },
					{ "time": 1.3333, "x": -5.15, "y": -11.01 }
				],
				"scale": [
					{ "time": 0, "x": 1, "y": 1, "curve": "stepped" },
					{ "time": 0.6666, "x": 1, "y": 1, "curve": "stepped" },
					{ "time": 1.3333, "x": 1, "y": 1 }
				]
			},
			"TanganKiri": {
				"rotate": [
					{ "time": 0, "angle": 78.22 },
					{ "time": 0.3333, "angle": 57.57 },
					{ "time": 0.6666, "angle": 78.22 },
					{ "time": 1, "angle": 57.57 },
					{ "time": 1.3333, "angle": 78.22 }
				],
				"translate": [
					{ "time": 0, "x": -13.04, "y": 11.97 },
					{ "time": 0.3333, "x": -9.98, "y": 9.64 },
					{ "time": 0.6666, "x": -13.04, "y": 11.97 },
					{ "time": 1, "x": -9.98, "y": 9.64 },
					{ "time": 1.3333, "x": -13.04, "y": 11.97 }
				],
				"scale": [
					{ "time": 0, "x": 1, "y": 1, "curve": "stepped" },
					{ "time": 0.6666, "x": 1, "y": 1, "curve": "stepped" },
					{ "time": 1.3333, "x": 1, "y": 1 }
				]
			},
			"Pita": {
				"rotate": [
					{ "time": 0, "angle": 0 }
				],
				"translate": [
					{ "time": 0, "x": 0, "y": 0 }
				],
				"scale": [
					{ "time": 0, "x": 0, "y": 1 },
					{ "time": 0.3333, "x": 1, "y": 1 }
				]
			},
			"Glow": {
				"rotate": [
					{ "time": 0, "angle": 0 }
				],
				"translate": [
					{ "time": 0, "x": 4.64, "y": 0 }
				],
				"scale": [
					{ "time": 0, "x": 0.9, "y": 0.9 },
					{ "time": 0.3333, "x": 1, "y": 1 },
					{ "time": 0.6666, "x": 0.9, "y": 0.9 },
					{ "time": 1, "x": 1, "y": 1 },
					{ "time": 1.3333, "x": 0.9, "y": 0.9 }
				]
			},
			"BGResult": {
				"rotate": [
					{ "time": 0, "angle": 0 },
					{ "time": 1.3333, "angle": 270 }
				],
				"translate": [
					{ "time": 0, "x": 0, "y": 7.24 },
					{ "time": 0.3333, "x": -1, "y": 8.27 },
					{ "time": 0.6666, "x": -2, "y": 9.27 },
					{ "time": 1, "x": -3, "y": 10.27 },
					{ "time": 1.3333, "x": -4, "y": 11.27 }
				],
				"scale": [
					{ "time": 0, "x": 1, "y": 1 }
				]
			}
		}
	},
	"ENResultBagus": {
		"slots": {
			"BG": {
				"attachment": [
					{ "time": 0, "name": "BGBagus" }
				]
			},
			"Mata1": {
				"attachment": [
					{ "time": 0, "name": "MataKanan6" }
				]
			},
			"MataKiri": {
				"attachment": [
					{ "time": 0, "name": "MataKiri6" }
				]
			},
			"Mulut": {
				"attachment": [
					{ "time": 0, "name": "Mulut1" }
				]
			},
			"Pitaa": {
				"attachment": [
					{ "time": 0, "name": "EN_PitaBagus" }
				]
			}
		},
		"bones": {
			"Badan": {
				"rotate": [
					{ "time": 0, "angle": 0, "curve": "stepped" },
					{ "time": 1.3333, "angle": 0 }
				],
				"translate": [
					{ "time": 0, "x": 0, "y": -14.03 },
					{ "time": 0.3333, "x": -5, "y": -17.01 },
					{ "time": 0.6666, "x": 0, "y": -20.01 },
					{ "time": 1, "x": 5, "y": -17.01 },
					{ "time": 1.3333, "x": 0, "y": -14.03 }
				],
				"scale": [
					{ "time": 0, "x": 1, "y": 1, "curve": "stepped" },
					{ "time": 1.3333, "x": 1, "y": 1 }
				]
			},
			"Kepala": {
				"rotate": [
					{ "time": 0, "angle": 0 }
				],
				"translate": [
					{ "time": 0, "x": 0, "y": 0 },
					{ "time": 0.3333, "x": -3.44, "y": 0 },
					{ "time": 0.6666, "x": 0, "y": 0 },
					{ "time": 1, "x": -3.44, "y": 0 },
					{ "time": 1.3333, "x": 0, "y": 0 }
				],
				"scale": [
					{ "time": 0, "x": 1, "y": 1 }
				]
			},
			"KumisKanan": {
				"rotate": [
					{ "time": 0, "angle": 0 },
					{ "time": 0.3333, "angle": 5 },
					{ "time": 0.6666, "angle": 0 },
					{ "time": 1, "angle": 5 },
					{ "time": 1.3333, "angle": 0 }
				],
				"translate": [
					{ "time": 0, "x": 0, "y": 0, "curve": "stepped" },
					{ "time": 0.6666, "x": 0, "y": 0, "curve": "stepped" },
					{ "time": 1.3333, "x": 0, "y": 0 }
				],
				"scale": [
					{ "time": 0, "x": 1, "y": 1, "curve": "stepped" },
					{ "time": 0.6666, "x": 1, "y": 1, "curve": "stepped" },
					{ "time": 1.3333, "x": 1, "y": 1 }
				]
			},
			"KumisKiri": {
				"rotate": [
					{ "time": 0, "angle": 0 },
					{ "time": 0.3333, "angle": 355 },
					{ "time": 0.6666, "angle": 0 },
					{ "time": 1, "angle": 355 },
					{ "time": 1.3333, "angle": 0 }
				],
				"translate": [
					{ "time": 0, "x": 0, "y": 0, "curve": "stepped" },
					{ "time": 0.6666, "x": 0, "y": 0, "curve": "stepped" },
					{ "time": 1.3333, "x": 0, "y": 0 }
				],
				"scale": [
					{ "time": 0, "x": 1, "y": 1, "curve": "stepped" },
					{ "time": 0.6666, "x": 1, "y": 1, "curve": "stepped" },
					{ "time": 1.3333, "x": 1, "y": 1 }
				]
			},
			"KupingKanan": {
				"rotate": [
					{ "time": 0, "angle": 0 },
					{ "time": 0.3333, "angle": 10 },
					{ "time": 0.6666, "angle": 0 },
					{ "time": 1, "angle": 10 },
					{ "time": 1.3333, "angle": 0 }
				],
				"translate": [
					{ "time": 0, "x": 0, "y": 0 }
				],
				"scale": [
					{ "time": 0, "x": 1, "y": 1 }
				]
			},
			"KupingKiri": {
				"rotate": [
					{ "time": 0, "angle": 0 },
					{ "time": 0.3333, "angle": 350 },
					{ "time": 0.6666, "angle": 0 },
					{ "time": 1, "angle": 350 },
					{ "time": 1.3333, "angle": 0 }
				],
				"translate": [
					{ "time": 0, "x": 0, "y": 0 }
				],
				"scale": [
					{ "time": 0, "x": 1, "y": 1 }
				]
			},
			"MataKanan": {
				"rotate": [
					{ "time": 0, "angle": 0 }
				],
				"translate": [
					{ "time": 0, "x": 0, "y": 0 }
				],
				"scale": [
					{ "time": 0, "x": 1, "y": 1 }
				]
			},
			"MataKiri": {
				"rotate": [
					{ "time": 0, "angle": 0 }
				],
				"translate": [
					{ "time": 0, "x": 0, "y": 0 }
				],
				"scale": [
					{ "time": 0, "x": 1, "y": 1 }
				]
			},
			"Mulut": {
				"rotate": [
					{ "time": 0, "angle": 0 }
				],
				"translate": [
					{ "time": 0, "x": 0, "y": 0 }
				],
				"scale": [
					{ "time": 0, "x": 1, "y": 1 }
				]
			},
			"Rambut": {
				"rotate": [
					{ "time": 0, "angle": 0 }
				],
				"translate": [
					{ "time": 0, "x": 0, "y": 0 }
				],
				"scale": [
					{ "time": 0, "x": 1, "y": 1 }
				]
			},
			"RonaKanan": {
				"rotate": [
					{ "time": 0, "angle": 0 }
				],
				"translate": [
					{ "time": 0, "x": 0, "y": 0 }
				],
				"scale": [
					{ "time": 0, "x": 1, "y": 1 }
				]
			},
			"RonaKiri": {
				"rotate": [
					{ "time": 0, "angle": 0 }
				],
				"translate": [
					{ "time": 0, "x": 0, "y": 0 }
				],
				"scale": [
					{ "time": 0, "x": 1, "y": 1 }
				]
			},
			"Kanan": {
				"rotate": [
					{ "time": 0, "angle": -66.08 },
					{ "time": 0.3333, "angle": -31.51 },
					{ "time": 0.6666, "angle": -66.08 },
					{ "time": 1, "angle": -31.51 },
					{ "time": 1.3333, "angle": -66.08 }
				],
				"translate": [
					{ "time": 0, "x": 0, "y": 0 }
				],
				"scale": [
					{ "time": 0, "x": 1, "y": 1 }
				]
			},
			"Kiri": {
				"rotate": [
					{ "time": 0, "angle": 59.74 },
					{ "time": 0.3333, "angle": 31.58 },
					{ "time": 0.6666, "angle": 59.74 },
					{ "time": 1, "angle": 31.58 },
					{ "time": 1.3333, "angle": 59.74 }
				],
				"translate": [
					{ "time": 0, "x": -3.11, "y": 0 }
				],
				"scale": [
					{ "time": 0, "x": 1, "y": 1 }
				]
			},
			"TanganKanan": {
				"rotate": [
					{ "time": 0, "angle": -12.14 }
				],
				"translate": [
					{ "time": 0, "x": -2.26, "y": -1.76 }
				],
				"scale": [
					{ "time": 0, "x": 1, "y": 1 }
				]
			},
			"TanganKiri": {
				"rotate": [
					{ "time": 0, "angle": 10.5 }
				],
				"translate": [
					{ "time": 0, "x": -6.28, "y": 3.07 }
				],
				"scale": [
					{ "time": 0, "x": 1, "y": 1 }
				]
			},
			"Pita": {
				"rotate": [
					{ "time": 0, "angle": 0 }
				],
				"translate": [
					{ "time": 0, "x": 0, "y": 0 }
				],
				"scale": [
					{ "time": 0, "x": 0, "y": 1 },
					{ "time": 0.3333, "x": 1, "y": 1 }
				]
			},
			"Glow": {
				"rotate": [
					{ "time": 0, "angle": 0 }
				],
				"translate": [
					{ "time": 0, "x": 4.64, "y": 0 }
				],
				"scale": [
					{ "time": 0, "x": 0.9, "y": 0.9 },
					{ "time": 0.3333, "x": 1, "y": 1 },
					{ "time": 0.6666, "x": 0.9, "y": 0.9 },
					{ "time": 1, "x": 1, "y": 1 },
					{ "time": 1.3333, "x": 0.9, "y": 0.9 }
				]
			},
			"BGResult": {
				"rotate": [
					{ "time": 0, "angle": 0 },
					{ "time": 1.3333, "angle": 270 }
				],
				"translate": [
					{ "time": 0, "x": 0, "y": 7.24 },
					{ "time": 0.3333, "x": 0, "y": 7.25 },
					{ "time": 0.6666, "x": 0, "y": 7.25 },
					{ "time": 1, "x": 0, "y": 7.26 },
					{ "time": 1.3333, "x": 0, "y": 7.27 }
				],
				"scale": [
					{ "time": 0, "x": 1, "y": 1 }
				]
			}
		}
	},
	"ENResultHebat": {
		"slots": {
			"BG": {
				"attachment": [
					{ "time": 0, "name": "BGHebat" }
				]
			},
			"Mata1": {
				"attachment": [
					{ "time": 0, "name": "MataKanan6" }
				]
			},
			"MataKiri": {
				"attachment": [
					{ "time": 0, "name": "MataKiri6" }
				]
			},
			"Mulut": {
				"attachment": [
					{ "time": 0, "name": "Mulut1" }
				]
			},
			"Pitaa": {
				"attachment": [
					{ "time": 0, "name": "EN_PitaHebat" }
				]
			}
		},
		"bones": {
			"Badan": {
				"rotate": [
					{ "time": 0, "angle": 0 },
					{ "time": 0.3333, "angle": -2.38 },
					{ "time": 1, "angle": 2.86 },
					{ "time": 1.3333, "angle": 0 }
				],
				"translate": [
					{ "time": 0, "x": 0, "y": -14.03 }
				],
				"scale": [
					{ "time": 0, "x": 1, "y": 1 }
				]
			},
			"Kepala": {
				"rotate": [
					{ "time": 0, "angle": 0 }
				],
				"translate": [
					{ "time": 0, "x": 0, "y": 0 },
					{ "time": 0.3333, "x": -3.44, "y": 0 },
					{ "time": 0.6666, "x": 0, "y": 0 },
					{ "time": 1, "x": -3.44, "y": 0 },
					{ "time": 1.3333, "x": 0, "y": 0 }
				],
				"scale": [
					{ "time": 0, "x": 1, "y": 1 }
				]
			},
			"KumisKanan": {
				"rotate": [
					{ "time": 0, "angle": 0 },
					{ "time": 0.3333, "angle": 5 },
					{ "time": 0.6666, "angle": 0 },
					{ "time": 1, "angle": 5 },
					{ "time": 1.3333, "angle": 0 }
				],
				"translate": [
					{ "time": 0, "x": 0, "y": 0, "curve": "stepped" },
					{ "time": 0.6666, "x": 0, "y": 0, "curve": "stepped" },
					{ "time": 1.3333, "x": 0, "y": 0 }
				],
				"scale": [
					{ "time": 0, "x": 1, "y": 1, "curve": "stepped" },
					{ "time": 0.6666, "x": 1, "y": 1, "curve": "stepped" },
					{ "time": 1.3333, "x": 1, "y": 1 }
				]
			},
			"KumisKiri": {
				"rotate": [
					{ "time": 0, "angle": 0 },
					{ "time": 0.3333, "angle": 355 },
					{ "time": 0.6666, "angle": 0 },
					{ "time": 1, "angle": 355 },
					{ "time": 1.3333, "angle": 0 }
				],
				"translate": [
					{ "time": 0, "x": 0, "y": 0, "curve": "stepped" },
					{ "time": 0.6666, "x": 0, "y": 0, "curve": "stepped" },
					{ "time": 1.3333, "x": 0, "y": 0 }
				],
				"scale": [
					{ "time": 0, "x": 1, "y": 1, "curve": "stepped" },
					{ "time": 0.6666, "x": 1, "y": 1, "curve": "stepped" },
					{ "time": 1.3333, "x": 1, "y": 1 }
				]
			},
			"KupingKanan": {
				"rotate": [
					{ "time": 0, "angle": 0 },
					{ "time": 0.3333, "angle": 10 },
					{ "time": 0.6666, "angle": 0 },
					{ "time": 1, "angle": 10 },
					{ "time": 1.3333, "angle": 0 }
				],
				"translate": [
					{ "time": 0, "x": 0, "y": 0 }
				],
				"scale": [
					{ "time": 0, "x": 1, "y": 1 }
				]
			},
			"KupingKiri": {
				"rotate": [
					{ "time": 0, "angle": 0 },
					{ "time": 0.3333, "angle": 350 },
					{ "time": 0.6666, "angle": 0 },
					{ "time": 1, "angle": 350 },
					{ "time": 1.3333, "angle": 0 }
				],
				"translate": [
					{ "time": 0, "x": 0, "y": 0 }
				],
				"scale": [
					{ "time": 0, "x": 1, "y": 1 }
				]
			},
			"MataKanan": {
				"rotate": [
					{ "time": 0, "angle": 0 }
				],
				"translate": [
					{ "time": 0, "x": 0, "y": 0 }
				],
				"scale": [
					{ "time": 0, "x": 1, "y": 1 }
				]
			},
			"MataKiri": {
				"rotate": [
					{ "time": 0, "angle": 0 }
				],
				"translate": [
					{ "time": 0, "x": 0, "y": 0 }
				],
				"scale": [
					{ "time": 0, "x": 1, "y": 1 }
				]
			},
			"Mulut": {
				"rotate": [
					{ "time": 0, "angle": 0 }
				],
				"translate": [
					{ "time": 0, "x": 0, "y": 0 }
				],
				"scale": [
					{ "time": 0, "x": 1, "y": 1 }
				]
			},
			"Rambut": {
				"rotate": [
					{ "time": 0, "angle": 0 }
				],
				"translate": [
					{ "time": 0, "x": 0, "y": 0 }
				],
				"scale": [
					{ "time": 0, "x": 1, "y": 1 }
				]
			},
			"RonaKanan": {
				"rotate": [
					{ "time": 0, "angle": 0 }
				],
				"translate": [
					{ "time": 0, "x": 0, "y": 0 }
				],
				"scale": [
					{ "time": 0, "x": 1, "y": 1 }
				]
			},
			"RonaKiri": {
				"rotate": [
					{ "time": 0, "angle": 0 }
				],
				"translate": [
					{ "time": 0, "x": 0, "y": 0 }
				],
				"scale": [
					{ "time": 0, "x": 1, "y": 1 }
				]
			},
			"Kanan": {
				"rotate": [
					{ "time": 0, "angle": -15.14 }
				],
				"translate": [
					{ "time": 0, "x": 4.67, "y": 0 }
				],
				"scale": [
					{ "time": 0, "x": 1, "y": 1 }
				]
			},
			"Kiri": {
				"rotate": [
					{ "time": 0, "angle": 18.48 }
				],
				"translate": [
					{ "time": 0, "x": -1.55, "y": 0 }
				],
				"scale": [
					{ "time": 0, "x": 1, "y": 1 }
				]
			},
			"TanganKanan": {
				"rotate": [
					{ "time": 0, "angle": 123.82 }
				],
				"translate": [
					{ "time": 0, "x": -16.75, "y": 4 }
				],
				"scale": [
					{ "time": 0, "x": 1, "y": 1 }
				]
			},
			"TanganKiri": {
				"rotate": [
					{ "time": 0, "angle": -123.51 }
				],
				"translate": [
					{ "time": 0, "x": -17.02, "y": -9.12 }
				],
				"scale": [
					{ "time": 0, "x": 1, "y": 1 }
				]
			},
			"Pita": {
				"rotate": [
					{ "time": 0, "angle": 0 }
				],
				"translate": [
					{ "time": 0, "x": 0, "y": 0 }
				],
				"scale": [
					{ "time": 0, "x": 0, "y": 1 },
					{ "time": 0.3333, "x": 1, "y": 1 }
				]
			},
			"Glow": {
				"rotate": [
					{ "time": 0, "angle": 0 }
				],
				"translate": [
					{ "time": 0, "x": 4.64, "y": 0 }
				],
				"scale": [
					{ "time": 0, "x": 0.9, "y": 0.9 },
					{ "time": 0.3333, "x": 1, "y": 1 },
					{ "time": 0.6666, "x": 0.9, "y": 0.9 },
					{ "time": 1, "x": 1, "y": 1 },
					{ "time": 1.3333, "x": 0.9, "y": 0.9 }
				]
			},
			"BGResult": {
				"rotate": [
					{ "time": 0, "angle": 0 },
					{ "time": 1.3333, "angle": 270 }
				],
				"translate": [
					{ "time": 0, "x": 0, "y": 7.24 },
					{ "time": 0.3333, "x": 0, "y": 7.25 },
					{ "time": 0.6666, "x": 0, "y": 7.25 },
					{ "time": 1, "x": 0, "y": 7.26 },
					{ "time": 1.3333, "x": 0, "y": 7.27 }
				],
				"scale": [
					{ "time": 0, "x": 1, "y": 1 }
				]
			}
		}
	},
	"ENResultLuarBiasa": {
		"slots": {
			"BG": {
				"attachment": [
					{ "time": 0, "name": "BGLuarBiasa" }
				]
			},
			"Mata1": {
				"attachment": [
					{ "time": 0, "name": "MataKanan1" },
					{ "time": 1, "name": "MataKanan4" },
					{ "time": 1.3333, "name": "MataKanan1" }
				]
			},
			"MataKiri": {
				"attachment": [
					{ "time": 0, "name": "MataKiri1" },
					{ "time": 1, "name": "MataKiri4" },
					{ "time": 1.3333, "name": "MataKiri1" }
				]
			},
			"Mulut": {
				"attachment": [
					{ "time": 0, "name": "Mulut1" }
				]
			},
			"Pitaa": {
				"attachment": [
					{ "time": 0, "name": "EN_PitaLuarBiasa" }
				]
			}
		},
		"bones": {
			"Badan": {
				"rotate": [
					{ "time": 0, "angle": 0 },
					{ "time": 0.3333, "angle": 4.01 },
					{ "time": 1, "angle": -5.78 },
					{ "time": 1.3333, "angle": 0 }
				],
				"translate": [
					{ "time": 0, "x": 0, "y": -14.03, "curve": "stepped" },
					{ "time": 1.3333, "x": 0, "y": -14.03 }
				],
				"scale": [
					{ "time": 0, "x": 1, "y": 1, "curve": "stepped" },
					{ "time": 1.3333, "x": 1, "y": 1 }
				]
			},
			"Kepala": {
				"rotate": [
					{ "time": 0, "angle": 0 },
					{ "time": 0.3333, "angle": -12.54 },
					{ "time": 1, "angle": 0 }
				],
				"translate": [
					{ "time": 0, "x": 0, "y": 0 },
					{ "time": 0.3333, "x": -3.44, "y": 0 },
					{ "time": 0.6666, "x": 0, "y": 0 },
					{ "time": 1, "x": -3.44, "y": 0 },
					{ "time": 1.3333, "x": 0, "y": 0 }
				],
				"scale": [
					{ "time": 0, "x": 1, "y": 1 }
				]
			},
			"KumisKanan": {
				"rotate": [
					{ "time": 0, "angle": 0 },
					{ "time": 0.3333, "angle": 5 },
					{ "time": 0.6666, "angle": 0 },
					{ "time": 1, "angle": 5 },
					{ "time": 1.3333, "angle": 0 }
				],
				"translate": [
					{ "time": 0, "x": 0, "y": 0, "curve": "stepped" },
					{ "time": 0.6666, "x": 0, "y": 0, "curve": "stepped" },
					{ "time": 1.3333, "x": 0, "y": 0 }
				],
				"scale": [
					{ "time": 0, "x": 1, "y": 1, "curve": "stepped" },
					{ "time": 0.6666, "x": 1, "y": 1, "curve": "stepped" },
					{ "time": 1.3333, "x": 1, "y": 1 }
				]
			},
			"KumisKiri": {
				"rotate": [
					{ "time": 0, "angle": 0 },
					{ "time": 0.3333, "angle": 355 },
					{ "time": 0.6666, "angle": 0 },
					{ "time": 1, "angle": 355 },
					{ "time": 1.3333, "angle": 0 }
				],
				"translate": [
					{ "time": 0, "x": 0, "y": 0, "curve": "stepped" },
					{ "time": 0.6666, "x": 0, "y": 0, "curve": "stepped" },
					{ "time": 1.3333, "x": 0, "y": 0 }
				],
				"scale": [
					{ "time": 0, "x": 1, "y": 1, "curve": "stepped" },
					{ "time": 0.6666, "x": 1, "y": 1, "curve": "stepped" },
					{ "time": 1.3333, "x": 1, "y": 1 }
				]
			},
			"KupingKanan": {
				"rotate": [
					{ "time": 0, "angle": 0 },
					{ "time": 0.3333, "angle": 10 },
					{ "time": 0.6666, "angle": 0 },
					{ "time": 1, "angle": 10 },
					{ "time": 1.3333, "angle": 0 }
				],
				"translate": [
					{ "time": 0, "x": 0, "y": 0 }
				],
				"scale": [
					{ "time": 0, "x": 1, "y": 1 }
				]
			},
			"KupingKiri": {
				"rotate": [
					{ "time": 0, "angle": 0 },
					{ "time": 0.3333, "angle": 350 },
					{ "time": 0.6666, "angle": 0 },
					{ "time": 1, "angle": 350 },
					{ "time": 1.3333, "angle": 0 }
				],
				"translate": [
					{ "time": 0, "x": 0, "y": 0 }
				],
				"scale": [
					{ "time": 0, "x": 1, "y": 1 }
				]
			},
			"MataKanan": {
				"rotate": [
					{ "time": 0, "angle": 0 }
				],
				"translate": [
					{ "time": 0, "x": 0, "y": 0 }
				],
				"scale": [
					{ "time": 0, "x": 1, "y": 1 }
				]
			},
			"MataKiri": {
				"rotate": [
					{ "time": 0, "angle": 0 }
				],
				"translate": [
					{ "time": 0, "x": 0, "y": 0 }
				],
				"scale": [
					{ "time": 0, "x": 1, "y": 1 }
				]
			},
			"Mulut": {
				"rotate": [
					{ "time": 0, "angle": 0 }
				],
				"translate": [
					{ "time": 0, "x": 0, "y": 0 }
				],
				"scale": [
					{ "time": 0, "x": 1, "y": 1 }
				]
			},
			"Rambut": {
				"rotate": [
					{ "time": 0, "angle": 0 },
					{ "time": 0.3333, "angle": 5 },
					{ "time": 0.6666, "angle": 0 },
					{ "time": 1, "angle": 5 },
					{ "time": 1.3333, "angle": 0 }
				],
				"translate": [
					{ "time": 0, "x": 0, "y": 0 }
				],
				"scale": [
					{ "time": 0, "x": 1, "y": 1 }
				]
			},
			"RonaKanan": {
				"rotate": [
					{ "time": 0, "angle": 0 }
				],
				"translate": [
					{ "time": 0, "x": 0, "y": 0 }
				],
				"scale": [
					{ "time": 0, "x": 1, "y": 1 }
				]
			},
			"RonaKiri": {
				"rotate": [
					{ "time": 0, "angle": 0 }
				],
				"translate": [
					{ "time": 0, "x": 0, "y": 0 }
				],
				"scale": [
					{ "time": 0, "x": 1, "y": 1 }
				]
			},
			"Kanan": {
				"rotate": [
					{ "time": 0, "angle": 21.83 },
					{ "time": 0.3333, "angle": -13.92 },
					{ "time": 0.6666, "angle": 21.83 },
					{ "time": 1, "angle": -13.92 },
					{ "time": 1.3333, "angle": 21.83 }
				],
				"translate": [
					{ "time": 0, "x": 0, "y": 0, "curve": "stepped" },
					{ "time": 0.6666, "x": 0, "y": 0, "curve": "stepped" },
					{ "time": 1.3333, "x": 0, "y": 0 }
				],
				"scale": [
					{ "time": 0, "x": 1, "y": 1, "curve": "stepped" },
					{ "time": 0.6666, "x": 1, "y": 1, "curve": "stepped" },
					{ "time": 1.3333, "x": 1, "y": 1 }
				]
			},
			"Kiri": {
				"rotate": [
					{ "time": 0, "angle": -16.06 },
					{ "time": 0.3333, "angle": 20.84 },
					{ "time": 0.6666, "angle": -16.06 },
					{ "time": 1, "angle": 20.84 },
					{ "time": 1.3333, "angle": -16.06 }
				],
				"translate": [
					{ "time": 0, "x": -3.11, "y": -1.55, "curve": "stepped" },
					{ "time": 0.6666, "x": -3.11, "y": -1.55, "curve": "stepped" },
					{ "time": 1.3333, "x": -3.11, "y": -1.55 }
				],
				"scale": [
					{ "time": 0, "x": 1, "y": 1, "curve": "stepped" },
					{ "time": 0.6666, "x": 1, "y": 1, "curve": "stepped" },
					{ "time": 1.3333, "x": 1, "y": 1 }
				]
			},
			"TanganKanan": {
				"rotate": [
					{ "time": 0, "angle": -68.62 },
					{ "time": 0.3333, "angle": -49.36 },
					{ "time": 0.6666, "angle": -68.62 },
					{ "time": 1, "angle": -49.36 },
					{ "time": 1.3333, "angle": -68.62 }
				],
				"translate": [
					{ "time": 0, "x": -4.68, "y": -14.09 },
					{ "time": 0.3333, "x": -2.53, "y": -9.93 },
					{ "time": 0.6666, "x": -4.68, "y": -14.09 },
					{ "time": 1, "x": -2.53, "y": -9.93 },
					{ "time": 1.3333, "x": -4.68, "y": -14.09 }
				],
				"scale": [
					{ "time": 0, "x": 1, "y": 1, "curve": "stepped" },
					{ "time": 0.6666, "x": 1, "y": 1, "curve": "stepped" },
					{ "time": 1.3333, "x": 1, "y": 1 }
				]
			},
			"TanganKiri": {
				"rotate": [
					{ "time": 0, "angle": -98.5 },
					{ "time": 0.3333, "angle": -65.12 },
					{ "time": 0.6666, "angle": -98.5 },
					{ "time": 1, "angle": -65.12 },
					{ "time": 1.3333, "angle": -98.5 }
				],
				"translate": [
					{ "time": 0, "x": -11.87, "y": -9.18 },
					{ "time": 0.3333, "x": -10.53, "y": -8.38 },
					{ "time": 0.6666, "x": -11.87, "y": -9.18 },
					{ "time": 1, "x": -10.53, "y": -8.38 },
					{ "time": 1.3333, "x": -11.87, "y": -9.18 }
				],
				"scale": [
					{ "time": 0, "x": 1, "y": 1, "curve": "stepped" },
					{ "time": 0.6666, "x": 1, "y": 1, "curve": "stepped" },
					{ "time": 1.3333, "x": 1, "y": 1 }
				]
			},
			"Pita": {
				"rotate": [
					{ "time": 0, "angle": 0 }
				],
				"translate": [
					{ "time": 0, "x": 0, "y": 0 }
				],
				"scale": [
					{ "time": 0, "x": 0, "y": 1 },
					{ "time": 0.3333, "x": 1, "y": 1 }
				]
			},
			"Glow": {
				"rotate": [
					{ "time": 0, "angle": 0 }
				],
				"translate": [
					{ "time": 0, "x": 4.64, "y": 0 }
				],
				"scale": [
					{ "time": 0, "x": 0.9, "y": 0.9 },
					{ "time": 0.3333, "x": 1, "y": 1 },
					{ "time": 0.6666, "x": 0.9, "y": 0.9 },
					{ "time": 1, "x": 1, "y": 1 },
					{ "time": 1.3333, "x": 0.9, "y": 0.9 }
				]
			},
			"BGResult": {
				"rotate": [
					{ "time": 0, "angle": 0 },
					{ "time": 1.3333, "angle": 270 }
				],
				"translate": [
					{ "time": 0, "x": 0, "y": 7.24 },
					{ "time": 0.3333, "x": 0, "y": 7.25 },
					{ "time": 0.6666, "x": 0, "y": 7.25 },
					{ "time": 1, "x": 0, "y": 7.26 },
					{ "time": 1.3333, "x": 0, "y": 7.27 }
				],
				"scale": [
					{ "time": 0, "x": 1, "y": 1 }
				]
			}
		},
		"drawOrder": [
			{
				"time": 0,
				"offsets": [
					{ "slot": "TanganKanan", "offset": -10 }
				]
			},
			{
				"time": 0.6666,
				"offsets": [
					{ "slot": "TanganKanan", "offset": -10 }
				]
			},
			{
				"time": 1.3333,
				"offsets": [
					{ "slot": "TanganKanan", "offset": -10 }
				]
			}
		]
	},
	"ENResultPintar": {
		"slots": {
			"BG": {
				"attachment": [
					{ "time": 0, "name": "BGPintar" }
				]
			},
			"Mata1": {
				"attachment": [
					{ "time": 0, "name": "MataKanan1" },
					{ "time": 1, "name": "MataKanan4" },
					{ "time": 1.2333, "name": "MataKanan1" }
				]
			},
			"MataKiri": {
				"attachment": [
					{ "time": 0, "name": "MataKiri1" }
				]
			},
			"Mulut": {
				"attachment": [
					{ "time": 0, "name": "Mulut1" }
				]
			},
			"Pitaa": {
				"attachment": [
					{ "time": 0, "name": "EN_PitaPintar" }
				]
			}
		},
		"bones": {
			"Badan": {
				"rotate": [
					{ "time": 0, "angle": 0 }
				],
				"translate": [
					{ "time": 0, "x": 0, "y": -14.03 },
					{ "time": 0.3333, "x": 0, "y": -19.01 },
					{ "time": 0.6666, "x": 0, "y": -14.03 },
					{ "time": 1, "x": 0, "y": -19.01 },
					{ "time": 1.3333, "x": 0, "y": -14.03 }
				],
				"scale": [
					{ "time": 0, "x": 1, "y": 1 }
				]
			},
			"Kepala": {
				"rotate": [
					{ "time": 0, "angle": 0 },
					{ "time": 0.3333, "angle": 3.89 },
					{ "time": 1, "angle": -4.51 },
					{ "time": 1.3333, "angle": 0 }
				],
				"translate": [
					{ "time": 0, "x": 0, "y": 0 },
					{ "time": 0.3333, "x": -3.44, "y": 0 },
					{ "time": 0.6666, "x": 0, "y": 0 },
					{ "time": 1, "x": -3.44, "y": 0 },
					{ "time": 1.3333, "x": 0, "y": 0 }
				],
				"scale": [
					{ "time": 0, "x": 1, "y": 1, "curve": "stepped" },
					{ "time": 1.3333, "x": 1, "y": 1 }
				]
			},
			"KumisKanan": {
				"rotate": [
					{ "time": 0, "angle": 0 },
					{ "time": 0.3333, "angle": 5 },
					{ "time": 0.6666, "angle": 0 },
					{ "time": 1, "angle": 5 },
					{ "time": 1.3333, "angle": 0 }
				],
				"translate": [
					{ "time": 0, "x": 0, "y": 0, "curve": "stepped" },
					{ "time": 0.6666, "x": 0, "y": 0, "curve": "stepped" },
					{ "time": 1.3333, "x": 0, "y": 0 }
				],
				"scale": [
					{ "time": 0, "x": 1, "y": 1, "curve": "stepped" },
					{ "time": 0.6666, "x": 1, "y": 1, "curve": "stepped" },
					{ "time": 1.3333, "x": 1, "y": 1 }
				]
			},
			"KumisKiri": {
				"rotate": [
					{ "time": 0, "angle": 0 },
					{ "time": 0.3333, "angle": 355 },
					{ "time": 0.6666, "angle": 0 },
					{ "time": 1, "angle": 355 },
					{ "time": 1.3333, "angle": 0 }
				],
				"translate": [
					{ "time": 0, "x": 0, "y": 0, "curve": "stepped" },
					{ "time": 0.6666, "x": 0, "y": 0, "curve": "stepped" },
					{ "time": 1.3333, "x": 0, "y": 0 }
				],
				"scale": [
					{ "time": 0, "x": 1, "y": 1, "curve": "stepped" },
					{ "time": 0.6666, "x": 1, "y": 1, "curve": "stepped" },
					{ "time": 1.3333, "x": 1, "y": 1 }
				]
			},
			"KupingKanan": {
				"rotate": [
					{ "time": 0, "angle": 0 },
					{ "time": 0.3333, "angle": 10 },
					{ "time": 0.6666, "angle": 0 },
					{ "time": 1, "angle": 10 },
					{ "time": 1.3333, "angle": 0 }
				],
				"translate": [
					{ "time": 0, "x": 0, "y": 0 }
				],
				"scale": [
					{ "time": 0, "x": 1, "y": 1 }
				]
			},
			"KupingKiri": {
				"rotate": [
					{ "time": 0, "angle": 0 },
					{ "time": 0.3333, "angle": 350 },
					{ "time": 0.6666, "angle": 0 },
					{ "time": 1, "angle": 350 },
					{ "time": 1.3333, "angle": 0 }
				],
				"translate": [
					{ "time": 0, "x": 0, "y": 0 }
				],
				"scale": [
					{ "time": 0, "x": 1, "y": 1 }
				]
			},
			"MataKanan": {
				"rotate": [
					{ "time": 0, "angle": 0 }
				],
				"translate": [
					{ "time": 0, "x": 0, "y": 0 }
				],
				"scale": [
					{ "time": 0, "x": 1, "y": 1 }
				]
			},
			"MataKiri": {
				"rotate": [
					{ "time": 0, "angle": 0 }
				],
				"translate": [
					{ "time": 0, "x": 0, "y": 0 }
				],
				"scale": [
					{ "time": 0, "x": 1, "y": 1 }
				]
			},
			"Mulut": {
				"rotate": [
					{ "time": 0, "angle": 0 }
				],
				"translate": [
					{ "time": 0, "x": 0, "y": 0 }
				],
				"scale": [
					{ "time": 0, "x": 1, "y": 1 }
				]
			},
			"Rambut": {
				"rotate": [
					{ "time": 0, "angle": 0 }
				],
				"translate": [
					{ "time": 0, "x": 0, "y": 0 }
				],
				"scale": [
					{ "time": 0, "x": 1, "y": 1 }
				]
			},
			"RonaKanan": {
				"rotate": [
					{ "time": 0, "angle": 0 }
				],
				"translate": [
					{ "time": 0, "x": 0, "y": 0 }
				],
				"scale": [
					{ "time": 0, "x": 1, "y": 1 }
				]
			},
			"RonaKiri": {
				"rotate": [
					{ "time": 0, "angle": 0 }
				],
				"translate": [
					{ "time": 0, "x": 0, "y": 0 }
				],
				"scale": [
					{ "time": 0, "x": 1, "y": 1 }
				]
			},
			"Kanan": {
				"rotate": [
					{ "time": 0, "angle": 21.95 }
				],
				"translate": [
					{ "time": 0, "x": 4.67, "y": 0 }
				],
				"scale": [
					{ "time": 0, "x": 1, "y": 1 }
				]
			},
			"Kiri": {
				"rotate": [
					{ "time": 0, "angle": -22.24 }
				],
				"translate": [
					{ "time": 0, "x": 0, "y": -1.55 }
				],
				"scale": [
					{ "time": 0, "x": 1, "y": 1 }
				]
			},
			"TanganKanan": {
				"rotate": [
					{ "time": 0, "angle": 100.85 },
					{ "time": 0.3333, "angle": 159.79 },
					{ "time": 0.6666, "angle": 100.85 },
					{ "time": 1, "angle": 159.79 },
					{ "time": 1.3333, "angle": 100.85 }
				],
				"translate": [
					{ "time": 0, "x": -12.81, "y": 6.96 },
					{ "time": 0.3333, "x": -18.71, "y": 0.05 },
					{ "time": 0.6666, "x": -12.81, "y": 6.96 },
					{ "time": 1, "x": -18.71, "y": 0.05 },
					{ "time": 1.3333, "x": -12.81, "y": 6.96 }
				],
				"scale": [
					{ "time": 0, "x": 1.133, "y": 1, "curve": "stepped" },
					{ "time": 0.6666, "x": 1.133, "y": 1, "curve": "stepped" },
					{ "time": 1.3333, "x": 1.133, "y": 1 }
				]
			},
			"TanganKiri": {
				"rotate": [
					{ "time": 0, "angle": -95.29 },
					{ "time": 0.3333, "angle": -73.76 },
					{ "time": 0.6666, "angle": -95.29 },
					{ "time": 1, "angle": -73.76 },
					{ "time": 1.3333, "angle": -95.29 }
				],
				"translate": [
					{ "time": 0, "x": -14.81, "y": -11.81 },
					{ "time": 0.3333, "x": -11.33, "y": -11.67 },
					{ "time": 0.6666, "x": -14.81, "y": -11.81 },
					{ "time": 1, "x": -11.33, "y": -11.67 },
					{ "time": 1.3333, "x": -14.81, "y": -11.81 }
				],
				"scale": [
					{ "time": 0, "x": 1.147, "y": 1, "curve": "stepped" },
					{ "time": 0.6666, "x": 1.147, "y": 1, "curve": "stepped" },
					{ "time": 1.3333, "x": 1.147, "y": 1 }
				]
			},
			"Pita": {
				"rotate": [
					{ "time": 0, "angle": 0 }
				],
				"translate": [
					{ "time": 0, "x": 0, "y": 0 }
				],
				"scale": [
					{ "time": 0, "x": 0, "y": 1 },
					{ "time": 0.3333, "x": 1, "y": 1 }
				]
			},
			"Glow": {
				"rotate": [
					{ "time": 0, "angle": 0 }
				],
				"translate": [
					{ "time": 0, "x": 4.64, "y": 0 }
				],
				"scale": [
					{ "time": 0, "x": 0.9, "y": 0.9 },
					{ "time": 0.3333, "x": 1, "y": 1 },
					{ "time": 0.6666, "x": 0.9, "y": 0.9 },
					{ "time": 1, "x": 1, "y": 1 },
					{ "time": 1.3333, "x": 0.9, "y": 0.9 }
				]
			},
			"BGResult": {
				"rotate": [
					{ "time": 0, "angle": 0 },
					{ "time": 1.3333, "angle": 270 }
				],
				"translate": [
					{ "time": 0, "x": 0, "y": 7.24 },
					{ "time": 0.3333, "x": 0, "y": 7.25 },
					{ "time": 0.6666, "x": 0, "y": 7.25 },
					{ "time": 1, "x": 0, "y": 7.26 },
					{ "time": 1.3333, "x": 0, "y": 7.27 }
				],
				"scale": [
					{ "time": 0, "x": 1, "y": 1 }
				]
			}
		}
	},
	"ResultAyoCobaLagi": {
		"slots": {
			"Mata1": {
				"attachment": [
					{ "time": 1, "name": "MataKanan3" },
					{ "time": 1.0666, "name": "MataKanan2" },
					{ "time": 1.2, "name": "MataKanan1" }
				]
			},
			"MataKiri": {
				"attachment": [
					{ "time": 1, "name": "MataKiri3" },
					{ "time": 1.0666, "name": "MataKiri2" },
					{ "time": 1.2, "name": "MataKiri1" }
				]
			},
			"Mulut": {
				"attachment": [
					{ "time": 0, "name": "Mulut1" }
				]
			},
			"Pitaa": {
				"attachment": [
					{ "time": 0, "name": "PitaAyoCobaLagi" }
				]
			}
		},
		"bones": {
			"Badan": {
				"rotate": [
					{ "time": 0, "angle": 0 }
				],
				"translate": [
					{ "time": 0, "x": 0, "y": -14.03 }
				],
				"scale": [
					{ "time": 0, "x": 1, "y": 1 }
				]
			},
			"Kepala": {
				"rotate": [
					{ "time": 0, "angle": 0 }
				],
				"translate": [
					{ "time": 0, "x": 0, "y": 0 },
					{ "time": 0.3333, "x": -3.44, "y": 0 },
					{ "time": 0.6666, "x": 0, "y": 0 },
					{ "time": 1, "x": -3.44, "y": 0 },
					{ "time": 1.3333, "x": 0, "y": 0 }
				],
				"scale": [
					{ "time": 0, "x": 1, "y": 1 }
				]
			},
			"KumisKanan": {
				"rotate": [
					{ "time": 0, "angle": 0 },
					{ "time": 0.3333, "angle": 5 },
					{ "time": 0.6666, "angle": 0 },
					{ "time": 1, "angle": 5 },
					{ "time": 1.3333, "angle": 0 }
				],
				"translate": [
					{ "time": 0, "x": 0, "y": 0, "curve": "stepped" },
					{ "time": 0.6666, "x": 0, "y": 0, "curve": "stepped" },
					{ "time": 1.3333, "x": 0, "y": 0 }
				],
				"scale": [
					{ "time": 0, "x": 1, "y": 1, "curve": "stepped" },
					{ "time": 0.6666, "x": 1, "y": 1, "curve": "stepped" },
					{ "time": 1.3333, "x": 1, "y": 1 }
				]
			},
			"KumisKiri": {
				"rotate": [
					{ "time": 0, "angle": 0 },
					{ "time": 0.3333, "angle": 355 },
					{ "time": 0.6666, "angle": 0 },
					{ "time": 1, "angle": 355 },
					{ "time": 1.3333, "angle": 0 }
				],
				"translate": [
					{ "time": 0, "x": 0, "y": 0, "curve": "stepped" },
					{ "time": 0.6666, "x": 0, "y": 0, "curve": "stepped" },
					{ "time": 1.3333, "x": 0, "y": 0 }
				],
				"scale": [
					{ "time": 0, "x": 1, "y": 1, "curve": "stepped" },
					{ "time": 0.6666, "x": 1, "y": 1, "curve": "stepped" },
					{ "time": 1.3333, "x": 1, "y": 1 }
				]
			},
			"KupingKanan": {
				"rotate": [
					{ "time": 0, "angle": 0 },
					{ "time": 0.3333, "angle": 10 },
					{ "time": 0.6666, "angle": 0 },
					{ "time": 1, "angle": 10 },
					{ "time": 1.3333, "angle": 0 }
				],
				"translate": [
					{ "time": 0, "x": 0, "y": 0 }
				],
				"scale": [
					{ "time": 0, "x": 1, "y": 1 }
				]
			},
			"KupingKiri": {
				"rotate": [
					{ "time": 0, "angle": 0 },
					{ "time": 0.3333, "angle": 350 },
					{ "time": 0.6666, "angle": 0 },
					{ "time": 1, "angle": 350 },
					{ "time": 1.3333, "angle": 0 }
				],
				"translate": [
					{ "time": 0, "x": 0, "y": 0 }
				],
				"scale": [
					{ "time": 0, "x": 1, "y": 1 }
				]
			},
			"MataKanan": {
				"rotate": [
					{ "time": 0, "angle": 0 }
				],
				"translate": [
					{ "time": 0, "x": 0, "y": 0 }
				],
				"scale": [
					{ "time": 0, "x": 1, "y": 1 }
				]
			},
			"MataKiri": {
				"rotate": [
					{ "time": 0, "angle": 0 }
				],
				"translate": [
					{ "time": 0, "x": 0, "y": 0 }
				],
				"scale": [
					{ "time": 0, "x": 1, "y": 1 }
				]
			},
			"Mulut": {
				"rotate": [
					{ "time": 0, "angle": 0 }
				],
				"translate": [
					{ "time": 0, "x": 0, "y": 0 }
				],
				"scale": [
					{ "time": 0, "x": 1, "y": 1 }
				]
			},
			"Rambut": {
				"rotate": [
					{ "time": 0, "angle": 0 }
				],
				"translate": [
					{ "time": 0, "x": 0, "y": 0 }
				],
				"scale": [
					{ "time": 0, "x": 1, "y": 1 }
				]
			},
			"RonaKanan": {
				"rotate": [
					{ "time": 0, "angle": 0 }
				],
				"translate": [
					{ "time": 0, "x": 0, "y": 0 }
				],
				"scale": [
					{ "time": 0, "x": 1, "y": 1 }
				]
			},
			"RonaKiri": {
				"rotate": [
					{ "time": 0, "angle": 0 }
				],
				"translate": [
					{ "time": 0, "x": 0, "y": 0 }
				],
				"scale": [
					{ "time": 0, "x": 1, "y": 1 }
				]
			},
			"Kanan": {
				"rotate": [
					{ "time": 0, "angle": -32.55 },
					{ "time": 0.3333, "angle": -19.63 },
					{ "time": 0.6666, "angle": -32.55 },
					{ "time": 1, "angle": -19.63 },
					{ "time": 1.3333, "angle": -32.55 }
				],
				"translate": [
					{ "time": 0, "x": 0, "y": 0, "curve": "stepped" },
					{ "time": 0.6666, "x": 0, "y": 0, "curve": "stepped" },
					{ "time": 1.3333, "x": 0, "y": 0 }
				],
				"scale": [
					{ "time": 0, "x": 1, "y": 1, "curve": "stepped" },
					{ "time": 0.6666, "x": 1, "y": 1, "curve": "stepped" },
					{ "time": 1.3333, "x": 1, "y": 1 }
				]
			},
			"Kiri": {
				"rotate": [
					{ "time": 0, "angle": 25.2 },
					{ "time": 0.3333, "angle": 17.34 },
					{ "time": 0.6666, "angle": 25.2 },
					{ "time": 1, "angle": 17.34 },
					{ "time": 1.3333, "angle": 25.2 }
				],
				"translate": [
					{ "time": 0, "x": 0, "y": 0, "curve": "stepped" },
					{ "time": 0.6666, "x": 0, "y": 0, "curve": "stepped" },
					{ "time": 1.3333, "x": 0, "y": 0 }
				],
				"scale": [
					{ "time": 0, "x": 1, "y": 1, "curve": "stepped" },
					{ "time": 0.6666, "x": 1, "y": 1, "curve": "stepped" },
					{ "time": 1.3333, "x": 1, "y": 1 }
				]
			},
			"TanganKanan": {
				"rotate": [
					{ "time": 0, "angle": -71.62 },
					{ "time": 0.3333, "angle": -50.04 },
					{ "time": 0.6666, "angle": -71.62 },
					{ "time": 1, "angle": -50.04 },
					{ "time": 1.3333, "angle": -71.62 }
				],
				"translate": [
					{ "time": 0, "x": -5.15, "y": -11.01 },
					{ "time": 0.3333, "x": -3.44, "y": -8.03 },
					{ "time": 0.6666, "x": -5.15, "y": -11.01 },
					{ "time": 1, "x": -3.44, "y": -8.03 },
					{ "time": 1.3333, "x": -5.15, "y": -11.01 }
				],
				"scale": [
					{ "time": 0, "x": 1, "y": 1, "curve": "stepped" },
					{ "time": 0.6666, "x": 1, "y": 1, "curve": "stepped" },
					{ "time": 1.3333, "x": 1, "y": 1 }
				]
			},
			"TanganKiri": {
				"rotate": [
					{ "time": 0, "angle": 78.22 },
					{ "time": 0.3333, "angle": 57.57 },
					{ "time": 0.6666, "angle": 78.22 },
					{ "time": 1, "angle": 57.57 },
					{ "time": 1.3333, "angle": 78.22 }
				],
				"translate": [
					{ "time": 0, "x": -13.04, "y": 11.97 },
					{ "time": 0.3333, "x": -9.98, "y": 9.64 },
					{ "time": 0.6666, "x": -13.04, "y": 11.97 },
					{ "time": 1, "x": -9.98, "y": 9.64 },
					{ "time": 1.3333, "x": -13.04, "y": 11.97 }
				],
				"scale": [
					{ "time": 0, "x": 1, "y": 1, "curve": "stepped" },
					{ "time": 0.6666, "x": 1, "y": 1, "curve": "stepped" },
					{ "time": 1.3333, "x": 1, "y": 1 }
				]
			},
			"Pita": {
				"rotate": [
					{ "time": 0, "angle": 0 }
				],
				"translate": [
					{ "time": 0, "x": 0, "y": 0 }
				],
				"scale": [
					{ "time": 0, "x": 0, "y": 1 },
					{ "time": 0.3333, "x": 1, "y": 1 }
				]
			},
			"Glow": {
				"rotate": [
					{ "time": 0, "angle": 0 }
				],
				"translate": [
					{ "time": 0, "x": 4.64, "y": 0 }
				],
				"scale": [
					{ "time": 0, "x": 0.9, "y": 0.9 },
					{ "time": 0.3333, "x": 1, "y": 1 },
					{ "time": 0.6666, "x": 0.9, "y": 0.9 },
					{ "time": 1, "x": 1, "y": 1 },
					{ "time": 1.3333, "x": 0.9, "y": 0.9 }
				]
			},
			"BGResult": {
				"rotate": [
					{ "time": 0, "angle": 0 },
					{ "time": 1.3333, "angle": 270 }
				],
				"translate": [
					{ "time": 0, "x": 0, "y": 7.24 },
					{ "time": 0.3333, "x": -1, "y": 8.27 },
					{ "time": 0.6666, "x": -2, "y": 9.27 },
					{ "time": 1, "x": -3, "y": 10.27 },
					{ "time": 1.3333, "x": -4, "y": 11.27 }
				],
				"scale": [
					{ "time": 0, "x": 1, "y": 1 }
				]
			}
		}
	},
	"ResultBagus": {
		"slots": {
			"BG": {
				"attachment": [
					{ "time": 0, "name": "BGBagus" }
				]
			},
			"Mata1": {
				"attachment": [
					{ "time": 0, "name": "MataKanan6" }
				]
			},
			"MataKiri": {
				"attachment": [
					{ "time": 0, "name": "MataKiri6" }
				]
			},
			"Mulut": {
				"attachment": [
					{ "time": 0, "name": "Mulut1" }
				]
			},
			"Pitaa": {
				"attachment": [
					{ "time": 0, "name": "PitaBagus" }
				]
			}
		},
		"bones": {
			"Badan": {
				"rotate": [
					{ "time": 0, "angle": 0, "curve": "stepped" },
					{ "time": 1.3333, "angle": 0 }
				],
				"translate": [
					{ "time": 0, "x": 0, "y": -14.03 },
					{ "time": 0.3333, "x": -5, "y": -17.01 },
					{ "time": 0.6666, "x": 0, "y": -20.01 },
					{ "time": 1, "x": 5, "y": -17.01 },
					{ "time": 1.3333, "x": 0, "y": -14.03 }
				],
				"scale": [
					{ "time": 0, "x": 1, "y": 1, "curve": "stepped" },
					{ "time": 1.3333, "x": 1, "y": 1 }
				]
			},
			"Kepala": {
				"rotate": [
					{ "time": 0, "angle": 0 }
				],
				"translate": [
					{ "time": 0, "x": 0, "y": 0 },
					{ "time": 0.3333, "x": -3.44, "y": 0 },
					{ "time": 0.6666, "x": 0, "y": 0 },
					{ "time": 1, "x": -3.44, "y": 0 },
					{ "time": 1.3333, "x": 0, "y": 0 }
				],
				"scale": [
					{ "time": 0, "x": 1, "y": 1 }
				]
			},
			"KumisKanan": {
				"rotate": [
					{ "time": 0, "angle": 0 },
					{ "time": 0.3333, "angle": 5 },
					{ "time": 0.6666, "angle": 0 },
					{ "time": 1, "angle": 5 },
					{ "time": 1.3333, "angle": 0 }
				],
				"translate": [
					{ "time": 0, "x": 0, "y": 0, "curve": "stepped" },
					{ "time": 0.6666, "x": 0, "y": 0, "curve": "stepped" },
					{ "time": 1.3333, "x": 0, "y": 0 }
				],
				"scale": [
					{ "time": 0, "x": 1, "y": 1, "curve": "stepped" },
					{ "time": 0.6666, "x": 1, "y": 1, "curve": "stepped" },
					{ "time": 1.3333, "x": 1, "y": 1 }
				]
			},
			"KumisKiri": {
				"rotate": [
					{ "time": 0, "angle": 0 },
					{ "time": 0.3333, "angle": 355 },
					{ "time": 0.6666, "angle": 0 },
					{ "time": 1, "angle": 355 },
					{ "time": 1.3333, "angle": 0 }
				],
				"translate": [
					{ "time": 0, "x": 0, "y": 0, "curve": "stepped" },
					{ "time": 0.6666, "x": 0, "y": 0, "curve": "stepped" },
					{ "time": 1.3333, "x": 0, "y": 0 }
				],
				"scale": [
					{ "time": 0, "x": 1, "y": 1, "curve": "stepped" },
					{ "time": 0.6666, "x": 1, "y": 1, "curve": "stepped" },
					{ "time": 1.3333, "x": 1, "y": 1 }
				]
			},
			"KupingKanan": {
				"rotate": [
					{ "time": 0, "angle": 0 },
					{ "time": 0.3333, "angle": 10 },
					{ "time": 0.6666, "angle": 0 },
					{ "time": 1, "angle": 10 },
					{ "time": 1.3333, "angle": 0 }
				],
				"translate": [
					{ "time": 0, "x": 0, "y": 0 }
				],
				"scale": [
					{ "time": 0, "x": 1, "y": 1 }
				]
			},
			"KupingKiri": {
				"rotate": [
					{ "time": 0, "angle": 0 },
					{ "time": 0.3333, "angle": 350 },
					{ "time": 0.6666, "angle": 0 },
					{ "time": 1, "angle": 350 },
					{ "time": 1.3333, "angle": 0 }
				],
				"translate": [
					{ "time": 0, "x": 0, "y": 0 }
				],
				"scale": [
					{ "time": 0, "x": 1, "y": 1 }
				]
			},
			"MataKanan": {
				"rotate": [
					{ "time": 0, "angle": 0 }
				],
				"translate": [
					{ "time": 0, "x": 0, "y": 0 }
				],
				"scale": [
					{ "time": 0, "x": 1, "y": 1 }
				]
			},
			"MataKiri": {
				"rotate": [
					{ "time": 0, "angle": 0 }
				],
				"translate": [
					{ "time": 0, "x": 0, "y": 0 }
				],
				"scale": [
					{ "time": 0, "x": 1, "y": 1 }
				]
			},
			"Mulut": {
				"rotate": [
					{ "time": 0, "angle": 0 }
				],
				"translate": [
					{ "time": 0, "x": 0, "y": 0 }
				],
				"scale": [
					{ "time": 0, "x": 1, "y": 1 }
				]
			},
			"Rambut": {
				"rotate": [
					{ "time": 0, "angle": 0 }
				],
				"translate": [
					{ "time": 0, "x": 0, "y": 0 }
				],
				"scale": [
					{ "time": 0, "x": 1, "y": 1 }
				]
			},
			"RonaKanan": {
				"rotate": [
					{ "time": 0, "angle": 0 }
				],
				"translate": [
					{ "time": 0, "x": 0, "y": 0 }
				],
				"scale": [
					{ "time": 0, "x": 1, "y": 1 }
				]
			},
			"RonaKiri": {
				"rotate": [
					{ "time": 0, "angle": 0 }
				],
				"translate": [
					{ "time": 0, "x": 0, "y": 0 }
				],
				"scale": [
					{ "time": 0, "x": 1, "y": 1 }
				]
			},
			"Kanan": {
				"rotate": [
					{ "time": 0, "angle": -66.08 },
					{ "time": 0.3333, "angle": -31.51 },
					{ "time": 0.6666, "angle": -66.08 },
					{ "time": 1, "angle": -31.51 },
					{ "time": 1.3333, "angle": -66.08 }
				],
				"translate": [
					{ "time": 0, "x": 0, "y": 0 }
				],
				"scale": [
					{ "time": 0, "x": 1, "y": 1 }
				]
			},
			"Kiri": {
				"rotate": [
					{ "time": 0, "angle": 59.74 },
					{ "time": 0.3333, "angle": 31.58 },
					{ "time": 0.6666, "angle": 59.74 },
					{ "time": 1, "angle": 31.58 },
					{ "time": 1.3333, "angle": 59.74 }
				],
				"translate": [
					{ "time": 0, "x": -3.11, "y": 0 }
				],
				"scale": [
					{ "time": 0, "x": 1, "y": 1 }
				]
			},
			"TanganKanan": {
				"rotate": [
					{ "time": 0, "angle": -12.14 }
				],
				"translate": [
					{ "time": 0, "x": -2.26, "y": -1.76 }
				],
				"scale": [
					{ "time": 0, "x": 1, "y": 1 }
				]
			},
			"TanganKiri": {
				"rotate": [
					{ "time": 0, "angle": 10.5 }
				],
				"translate": [
					{ "time": 0, "x": -6.28, "y": 3.07 }
				],
				"scale": [
					{ "time": 0, "x": 1, "y": 1 }
				]
			},
			"Pita": {
				"rotate": [
					{ "time": 0, "angle": 0 }
				],
				"translate": [
					{ "time": 0, "x": 0, "y": 0 }
				],
				"scale": [
					{ "time": 0, "x": 0, "y": 1 },
					{ "time": 0.3333, "x": 1, "y": 1 }
				]
			},
			"Glow": {
				"rotate": [
					{ "time": 0, "angle": 0 }
				],
				"translate": [
					{ "time": 0, "x": 4.64, "y": 0 }
				],
				"scale": [
					{ "time": 0, "x": 0.9, "y": 0.9 },
					{ "time": 0.3333, "x": 1, "y": 1 },
					{ "time": 0.6666, "x": 0.9, "y": 0.9 },
					{ "time": 1, "x": 1, "y": 1 },
					{ "time": 1.3333, "x": 0.9, "y": 0.9 }
				]
			},
			"BGResult": {
				"rotate": [
					{ "time": 0, "angle": 0 },
					{ "time": 1.3333, "angle": 270 }
				],
				"translate": [
					{ "time": 0, "x": 0, "y": 7.24 },
					{ "time": 0.3333, "x": 0, "y": 7.25 },
					{ "time": 0.6666, "x": 0, "y": 7.25 },
					{ "time": 1, "x": 0, "y": 7.26 },
					{ "time": 1.3333, "x": 0, "y": 7.27 }
				],
				"scale": [
					{ "time": 0, "x": 1, "y": 1 }
				]
			}
		}
	},
	"ResultHebat": {
		"slots": {
			"BG": {
				"attachment": [
					{ "time": 0, "name": "BGHebat" }
				]
			},
			"Mata1": {
				"attachment": [
					{ "time": 0, "name": "MataKanan6" }
				]
			},
			"MataKiri": {
				"attachment": [
					{ "time": 0, "name": "MataKiri6" }
				]
			},
			"Mulut": {
				"attachment": [
					{ "time": 0, "name": "Mulut1" }
				]
			},
			"Pitaa": {
				"attachment": [
					{ "time": 0, "name": "PitaHebat" }
				]
			}
		},
		"bones": {
			"Badan": {
				"rotate": [
					{ "time": 0, "angle": 0 },
					{ "time": 0.3333, "angle": -2.38 },
					{ "time": 1, "angle": 2.86 },
					{ "time": 1.3333, "angle": 0 }
				],
				"translate": [
					{ "time": 0, "x": 0, "y": -14.03 }
				],
				"scale": [
					{ "time": 0, "x": 1, "y": 1 }
				]
			},
			"Kepala": {
				"rotate": [
					{ "time": 0, "angle": 0 }
				],
				"translate": [
					{ "time": 0, "x": 0, "y": 0 },
					{ "time": 0.3333, "x": -3.44, "y": 0 },
					{ "time": 0.6666, "x": 0, "y": 0 },
					{ "time": 1, "x": -3.44, "y": 0 },
					{ "time": 1.3333, "x": 0, "y": 0 }
				],
				"scale": [
					{ "time": 0, "x": 1, "y": 1 }
				]
			},
			"KumisKanan": {
				"rotate": [
					{ "time": 0, "angle": 0 },
					{ "time": 0.3333, "angle": 5 },
					{ "time": 0.6666, "angle": 0 },
					{ "time": 1, "angle": 5 },
					{ "time": 1.3333, "angle": 0 }
				],
				"translate": [
					{ "time": 0, "x": 0, "y": 0, "curve": "stepped" },
					{ "time": 0.6666, "x": 0, "y": 0, "curve": "stepped" },
					{ "time": 1.3333, "x": 0, "y": 0 }
				],
				"scale": [
					{ "time": 0, "x": 1, "y": 1, "curve": "stepped" },
					{ "time": 0.6666, "x": 1, "y": 1, "curve": "stepped" },
					{ "time": 1.3333, "x": 1, "y": 1 }
				]
			},
			"KumisKiri": {
				"rotate": [
					{ "time": 0, "angle": 0 },
					{ "time": 0.3333, "angle": 355 },
					{ "time": 0.6666, "angle": 0 },
					{ "time": 1, "angle": 355 },
					{ "time": 1.3333, "angle": 0 }
				],
				"translate": [
					{ "time": 0, "x": 0, "y": 0, "curve": "stepped" },
					{ "time": 0.6666, "x": 0, "y": 0, "curve": "stepped" },
					{ "time": 1.3333, "x": 0, "y": 0 }
				],
				"scale": [
					{ "time": 0, "x": 1, "y": 1, "curve": "stepped" },
					{ "time": 0.6666, "x": 1, "y": 1, "curve": "stepped" },
					{ "time": 1.3333, "x": 1, "y": 1 }
				]
			},
			"KupingKanan": {
				"rotate": [
					{ "time": 0, "angle": 0 },
					{ "time": 0.3333, "angle": 10 },
					{ "time": 0.6666, "angle": 0 },
					{ "time": 1, "angle": 10 },
					{ "time": 1.3333, "angle": 0 }
				],
				"translate": [
					{ "time": 0, "x": 0, "y": 0 }
				],
				"scale": [
					{ "time": 0, "x": 1, "y": 1 }
				]
			},
			"KupingKiri": {
				"rotate": [
					{ "time": 0, "angle": 0 },
					{ "time": 0.3333, "angle": 350 },
					{ "time": 0.6666, "angle": 0 },
					{ "time": 1, "angle": 350 },
					{ "time": 1.3333, "angle": 0 }
				],
				"translate": [
					{ "time": 0, "x": 0, "y": 0 }
				],
				"scale": [
					{ "time": 0, "x": 1, "y": 1 }
				]
			},
			"MataKanan": {
				"rotate": [
					{ "time": 0, "angle": 0 }
				],
				"translate": [
					{ "time": 0, "x": 0, "y": 0 }
				],
				"scale": [
					{ "time": 0, "x": 1, "y": 1 }
				]
			},
			"MataKiri": {
				"rotate": [
					{ "time": 0, "angle": 0 }
				],
				"translate": [
					{ "time": 0, "x": 0, "y": 0 }
				],
				"scale": [
					{ "time": 0, "x": 1, "y": 1 }
				]
			},
			"Mulut": {
				"rotate": [
					{ "time": 0, "angle": 0 }
				],
				"translate": [
					{ "time": 0, "x": 0, "y": 0 }
				],
				"scale": [
					{ "time": 0, "x": 1, "y": 1 }
				]
			},
			"Rambut": {
				"rotate": [
					{ "time": 0, "angle": 0 }
				],
				"translate": [
					{ "time": 0, "x": 0, "y": 0 }
				],
				"scale": [
					{ "time": 0, "x": 1, "y": 1 }
				]
			},
			"RonaKanan": {
				"rotate": [
					{ "time": 0, "angle": 0 }
				],
				"translate": [
					{ "time": 0, "x": 0, "y": 0 }
				],
				"scale": [
					{ "time": 0, "x": 1, "y": 1 }
				]
			},
			"RonaKiri": {
				"rotate": [
					{ "time": 0, "angle": 0 }
				],
				"translate": [
					{ "time": 0, "x": 0, "y": 0 }
				],
				"scale": [
					{ "time": 0, "x": 1, "y": 1 }
				]
			},
			"Kanan": {
				"rotate": [
					{ "time": 0, "angle": -15.14 }
				],
				"translate": [
					{ "time": 0, "x": 4.67, "y": 0 }
				],
				"scale": [
					{ "time": 0, "x": 1, "y": 1 }
				]
			},
			"Kiri": {
				"rotate": [
					{ "time": 0, "angle": 18.48 }
				],
				"translate": [
					{ "time": 0, "x": -1.55, "y": 0 }
				],
				"scale": [
					{ "time": 0, "x": 1, "y": 1 }
				]
			},
			"TanganKanan": {
				"rotate": [
					{ "time": 0, "angle": 123.82 }
				],
				"translate": [
					{ "time": 0, "x": -16.75, "y": 4 }
				],
				"scale": [
					{ "time": 0, "x": 1, "y": 1 }
				]
			},
			"TanganKiri": {
				"rotate": [
					{ "time": 0, "angle": -123.51 }
				],
				"translate": [
					{ "time": 0, "x": -17.02, "y": -9.12 }
				],
				"scale": [
					{ "time": 0, "x": 1, "y": 1 }
				]
			},
			"Pita": {
				"rotate": [
					{ "time": 0, "angle": 0 }
				],
				"translate": [
					{ "time": 0, "x": 0, "y": 0 }
				],
				"scale": [
					{ "time": 0, "x": 0, "y": 1 },
					{ "time": 0.3333, "x": 1, "y": 1 }
				]
			},
			"Glow": {
				"rotate": [
					{ "time": 0, "angle": 0 }
				],
				"translate": [
					{ "time": 0, "x": 4.64, "y": 0 }
				],
				"scale": [
					{ "time": 0, "x": 0.9, "y": 0.9 },
					{ "time": 0.3333, "x": 1, "y": 1 },
					{ "time": 0.6666, "x": 0.9, "y": 0.9 },
					{ "time": 1, "x": 1, "y": 1 },
					{ "time": 1.3333, "x": 0.9, "y": 0.9 }
				]
			},
			"BGResult": {
				"rotate": [
					{ "time": 0, "angle": 0 },
					{ "time": 1.3333, "angle": 270 }
				],
				"translate": [
					{ "time": 0, "x": 0, "y": 7.24 },
					{ "time": 0.3333, "x": 0, "y": 7.25 },
					{ "time": 0.6666, "x": 0, "y": 7.25 },
					{ "time": 1, "x": 0, "y": 7.26 },
					{ "time": 1.3333, "x": 0, "y": 7.27 }
				],
				"scale": [
					{ "time": 0, "x": 1, "y": 1 }
				]
			}
		}
	},
	"ResultLuarBiasa": {
		"slots": {
			"BG": {
				"attachment": [
					{ "time": 0, "name": "BGLuarBiasa" }
				]
			},
			"Mata1": {
				"attachment": [
					{ "time": 0, "name": "MataKanan1" },
					{ "time": 1, "name": "MataKanan4" },
					{ "time": 1.3333, "name": "MataKanan1" }
				]
			},
			"MataKiri": {
				"attachment": [
					{ "time": 0, "name": "MataKiri1" },
					{ "time": 1, "name": "MataKiri4" },
					{ "time": 1.3333, "name": "MataKiri1" }
				]
			},
			"Mulut": {
				"attachment": [
					{ "time": 0, "name": "Mulut1" }
				]
			},
			"Pitaa": {
				"attachment": [
					{ "time": 0, "name": "PitaLuarBiasa" }
				]
			}
		},
		"bones": {
			"Badan": {
				"rotate": [
					{ "time": 0, "angle": 0 },
					{ "time": 0.3333, "angle": 4.01 },
					{ "time": 1, "angle": -5.78 },
					{ "time": 1.3333, "angle": 0 }
				],
				"translate": [
					{ "time": 0, "x": 0, "y": -14.03, "curve": "stepped" },
					{ "time": 1.3333, "x": 0, "y": -14.03 }
				],
				"scale": [
					{ "time": 0, "x": 1, "y": 1, "curve": "stepped" },
					{ "time": 1.3333, "x": 1, "y": 1 }
				]
			},
			"Kepala": {
				"rotate": [
					{ "time": 0, "angle": 0 },
					{ "time": 0.3333, "angle": -12.54 },
					{ "time": 1, "angle": 0 }
				],
				"translate": [
					{ "time": 0, "x": 0, "y": 0 },
					{ "time": 0.3333, "x": -3.44, "y": 0 },
					{ "time": 0.6666, "x": 0, "y": 0 },
					{ "time": 1, "x": -3.44, "y": 0 },
					{ "time": 1.3333, "x": 0, "y": 0 }
				],
				"scale": [
					{ "time": 0, "x": 1, "y": 1 }
				]
			},
			"KumisKanan": {
				"rotate": [
					{ "time": 0, "angle": 0 },
					{ "time": 0.3333, "angle": 5 },
					{ "time": 0.6666, "angle": 0 },
					{ "time": 1, "angle": 5 },
					{ "time": 1.3333, "angle": 0 }
				],
				"translate": [
					{ "time": 0, "x": 0, "y": 0, "curve": "stepped" },
					{ "time": 0.6666, "x": 0, "y": 0, "curve": "stepped" },
					{ "time": 1.3333, "x": 0, "y": 0 }
				],
				"scale": [
					{ "time": 0, "x": 1, "y": 1, "curve": "stepped" },
					{ "time": 0.6666, "x": 1, "y": 1, "curve": "stepped" },
					{ "time": 1.3333, "x": 1, "y": 1 }
				]
			},
			"KumisKiri": {
				"rotate": [
					{ "time": 0, "angle": 0 },
					{ "time": 0.3333, "angle": 355 },
					{ "time": 0.6666, "angle": 0 },
					{ "time": 1, "angle": 355 },
					{ "time": 1.3333, "angle": 0 }
				],
				"translate": [
					{ "time": 0, "x": 0, "y": 0, "curve": "stepped" },
					{ "time": 0.6666, "x": 0, "y": 0, "curve": "stepped" },
					{ "time": 1.3333, "x": 0, "y": 0 }
				],
				"scale": [
					{ "time": 0, "x": 1, "y": 1, "curve": "stepped" },
					{ "time": 0.6666, "x": 1, "y": 1, "curve": "stepped" },
					{ "time": 1.3333, "x": 1, "y": 1 }
				]
			},
			"KupingKanan": {
				"rotate": [
					{ "time": 0, "angle": 0 },
					{ "time": 0.3333, "angle": 10 },
					{ "time": 0.6666, "angle": 0 },
					{ "time": 1, "angle": 10 },
					{ "time": 1.3333, "angle": 0 }
				],
				"translate": [
					{ "time": 0, "x": 0, "y": 0 }
				],
				"scale": [
					{ "time": 0, "x": 1, "y": 1 }
				]
			},
			"KupingKiri": {
				"rotate": [
					{ "time": 0, "angle": 0 },
					{ "time": 0.3333, "angle": 350 },
					{ "time": 0.6666, "angle": 0 },
					{ "time": 1, "angle": 350 },
					{ "time": 1.3333, "angle": 0 }
				],
				"translate": [
					{ "time": 0, "x": 0, "y": 0 }
				],
				"scale": [
					{ "time": 0, "x": 1, "y": 1 }
				]
			},
			"MataKanan": {
				"rotate": [
					{ "time": 0, "angle": 0 }
				],
				"translate": [
					{ "time": 0, "x": 0, "y": 0 }
				],
				"scale": [
					{ "time": 0, "x": 1, "y": 1 }
				]
			},
			"MataKiri": {
				"rotate": [
					{ "time": 0, "angle": 0 }
				],
				"translate": [
					{ "time": 0, "x": 0, "y": 0 }
				],
				"scale": [
					{ "time": 0, "x": 1, "y": 1 }
				]
			},
			"Mulut": {
				"rotate": [
					{ "time": 0, "angle": 0 }
				],
				"translate": [
					{ "time": 0, "x": 0, "y": 0 }
				],
				"scale": [
					{ "time": 0, "x": 1, "y": 1 }
				]
			},
			"Rambut": {
				"rotate": [
					{ "time": 0, "angle": 0 },
					{ "time": 0.3333, "angle": 5 },
					{ "time": 0.6666, "angle": 0 },
					{ "time": 1, "angle": 5 },
					{ "time": 1.3333, "angle": 0 }
				],
				"translate": [
					{ "time": 0, "x": 0, "y": 0 }
				],
				"scale": [
					{ "time": 0, "x": 1, "y": 1 }
				]
			},
			"RonaKanan": {
				"rotate": [
					{ "time": 0, "angle": 0 }
				],
				"translate": [
					{ "time": 0, "x": 0, "y": 0 }
				],
				"scale": [
					{ "time": 0, "x": 1, "y": 1 }
				]
			},
			"RonaKiri": {
				"rotate": [
					{ "time": 0, "angle": 0 }
				],
				"translate": [
					{ "time": 0, "x": 0, "y": 0 }
				],
				"scale": [
					{ "time": 0, "x": 1, "y": 1 }
				]
			},
			"Kanan": {
				"rotate": [
					{ "time": 0, "angle": 21.83 },
					{ "time": 0.3333, "angle": -13.92 },
					{ "time": 0.6666, "angle": 21.83 },
					{ "time": 1, "angle": -13.92 },
					{ "time": 1.3333, "angle": 21.83 }
				],
				"translate": [
					{ "time": 0, "x": 0, "y": 0, "curve": "stepped" },
					{ "time": 0.6666, "x": 0, "y": 0, "curve": "stepped" },
					{ "time": 1.3333, "x": 0, "y": 0 }
				],
				"scale": [
					{ "time": 0, "x": 1, "y": 1, "curve": "stepped" },
					{ "time": 0.6666, "x": 1, "y": 1, "curve": "stepped" },
					{ "time": 1.3333, "x": 1, "y": 1 }
				]
			},
			"Kiri": {
				"rotate": [
					{ "time": 0, "angle": -16.06 },
					{ "time": 0.3333, "angle": 20.84 },
					{ "time": 0.6666, "angle": -16.06 },
					{ "time": 1, "angle": 20.84 },
					{ "time": 1.3333, "angle": -16.06 }
				],
				"translate": [
					{ "time": 0, "x": -3.11, "y": -1.55, "curve": "stepped" },
					{ "time": 0.6666, "x": -3.11, "y": -1.55, "curve": "stepped" },
					{ "time": 1.3333, "x": -3.11, "y": -1.55 }
				],
				"scale": [
					{ "time": 0, "x": 1, "y": 1, "curve": "stepped" },
					{ "time": 0.6666, "x": 1, "y": 1, "curve": "stepped" },
					{ "time": 1.3333, "x": 1, "y": 1 }
				]
			},
			"TanganKanan": {
				"rotate": [
					{ "time": 0, "angle": -68.62 },
					{ "time": 0.3333, "angle": -49.36 },
					{ "time": 0.6666, "angle": -68.62 },
					{ "time": 1, "angle": -49.36 },
					{ "time": 1.3333, "angle": -68.62 }
				],
				"translate": [
					{ "time": 0, "x": -4.68, "y": -14.09 },
					{ "time": 0.3333, "x": -2.53, "y": -9.93 },
					{ "time": 0.6666, "x": -4.68, "y": -14.09 },
					{ "time": 1, "x": -2.53, "y": -9.93 },
					{ "time": 1.3333, "x": -4.68, "y": -14.09 }
				],
				"scale": [
					{ "time": 0, "x": 1, "y": 1, "curve": "stepped" },
					{ "time": 0.6666, "x": 1, "y": 1, "curve": "stepped" },
					{ "time": 1.3333, "x": 1, "y": 1 }
				]
			},
			"TanganKiri": {
				"rotate": [
					{ "time": 0, "angle": -98.5 },
					{ "time": 0.3333, "angle": -65.12 },
					{ "time": 0.6666, "angle": -98.5 },
					{ "time": 1, "angle": -65.12 },
					{ "time": 1.3333, "angle": -98.5 }
				],
				"translate": [
					{ "time": 0, "x": -11.87, "y": -9.18 },
					{ "time": 0.3333, "x": -10.53, "y": -8.38 },
					{ "time": 0.6666, "x": -11.87, "y": -9.18 },
					{ "time": 1, "x": -10.53, "y": -8.38 },
					{ "time": 1.3333, "x": -11.87, "y": -9.18 }
				],
				"scale": [
					{ "time": 0, "x": 1, "y": 1, "curve": "stepped" },
					{ "time": 0.6666, "x": 1, "y": 1, "curve": "stepped" },
					{ "time": 1.3333, "x": 1, "y": 1 }
				]
			},
			"Pita": {
				"rotate": [
					{ "time": 0, "angle": 0 }
				],
				"translate": [
					{ "time": 0, "x": 0, "y": 0 }
				],
				"scale": [
					{ "time": 0, "x": 0, "y": 1 },
					{ "time": 0.3333, "x": 1, "y": 1 }
				]
			},
			"Glow": {
				"rotate": [
					{ "time": 0, "angle": 0 }
				],
				"translate": [
					{ "time": 0, "x": 4.64, "y": 0 }
				],
				"scale": [
					{ "time": 0, "x": 0.9, "y": 0.9 },
					{ "time": 0.3333, "x": 1, "y": 1 },
					{ "time": 0.6666, "x": 0.9, "y": 0.9 },
					{ "time": 1, "x": 1, "y": 1 },
					{ "time": 1.3333, "x": 0.9, "y": 0.9 }
				]
			},
			"BGResult": {
				"rotate": [
					{ "time": 0, "angle": 0 },
					{ "time": 1.3333, "angle": 270 }
				],
				"translate": [
					{ "time": 0, "x": 0, "y": 7.24 },
					{ "time": 0.3333, "x": 0, "y": 7.25 },
					{ "time": 0.6666, "x": 0, "y": 7.25 },
					{ "time": 1, "x": 0, "y": 7.26 },
					{ "time": 1.3333, "x": 0, "y": 7.27 }
				],
				"scale": [
					{ "time": 0, "x": 1, "y": 1 }
				]
			}
		},
		"drawOrder": [
			{
				"time": 0,
				"offsets": [
					{ "slot": "TanganKanan", "offset": -10 }
				]
			},
			{
				"time": 0.6666,
				"offsets": [
					{ "slot": "TanganKanan", "offset": -10 }
				]
			},
			{
				"time": 1.3333,
				"offsets": [
					{ "slot": "TanganKanan", "offset": -10 }
				]
			}
		]
	},
	"ResultPintar": {
		"slots": {
			"BG": {
				"attachment": [
					{ "time": 0, "name": "BGPintar" }
				]
			},
			"Mata1": {
				"attachment": [
					{ "time": 0, "name": "MataKanan1" },
					{ "time": 1, "name": "MataKanan4" },
					{ "time": 1.2333, "name": "MataKanan1" }
				]
			},
			"MataKiri": {
				"attachment": [
					{ "time": 0, "name": "MataKiri1" }
				]
			},
			"Mulut": {
				"attachment": [
					{ "time": 0, "name": "Mulut1" }
				]
			},
			"Pitaa": {
				"attachment": [
					{ "time": 0, "name": "PitaPintar" }
				]
			}
		},
		"bones": {
			"Badan": {
				"rotate": [
					{ "time": 0, "angle": 0 }
				],
				"translate": [
					{ "time": 0, "x": 0, "y": -14.03 },
					{ "time": 0.3333, "x": 0, "y": -19.01 },
					{ "time": 0.6666, "x": 0, "y": -14.03 },
					{ "time": 1, "x": 0, "y": -19.01 },
					{ "time": 1.3333, "x": 0, "y": -14.03 }
				],
				"scale": [
					{ "time": 0, "x": 1, "y": 1 }
				]
			},
			"Kepala": {
				"rotate": [
					{ "time": 0, "angle": 0 },
					{ "time": 0.3333, "angle": 3.89 },
					{ "time": 1, "angle": -4.51 },
					{ "time": 1.3333, "angle": 0 }
				],
				"translate": [
					{ "time": 0, "x": 0, "y": 0 },
					{ "time": 0.3333, "x": -3.44, "y": 0 },
					{ "time": 0.6666, "x": 0, "y": 0 },
					{ "time": 1, "x": -3.44, "y": 0 },
					{ "time": 1.3333, "x": 0, "y": 0 }
				],
				"scale": [
					{ "time": 0, "x": 1, "y": 1, "curve": "stepped" },
					{ "time": 1.3333, "x": 1, "y": 1 }
				]
			},
			"KumisKanan": {
				"rotate": [
					{ "time": 0, "angle": 0 },
					{ "time": 0.3333, "angle": 5 },
					{ "time": 0.6666, "angle": 0 },
					{ "time": 1, "angle": 5 },
					{ "time": 1.3333, "angle": 0 }
				],
				"translate": [
					{ "time": 0, "x": 0, "y": 0, "curve": "stepped" },
					{ "time": 0.6666, "x": 0, "y": 0, "curve": "stepped" },
					{ "time": 1.3333, "x": 0, "y": 0 }
				],
				"scale": [
					{ "time": 0, "x": 1, "y": 1, "curve": "stepped" },
					{ "time": 0.6666, "x": 1, "y": 1, "curve": "stepped" },
					{ "time": 1.3333, "x": 1, "y": 1 }
				]
			},
			"KumisKiri": {
				"rotate": [
					{ "time": 0, "angle": 0 },
					{ "time": 0.3333, "angle": 355 },
					{ "time": 0.6666, "angle": 0 },
					{ "time": 1, "angle": 355 },
					{ "time": 1.3333, "angle": 0 }
				],
				"translate": [
					{ "time": 0, "x": 0, "y": 0, "curve": "stepped" },
					{ "time": 0.6666, "x": 0, "y": 0, "curve": "stepped" },
					{ "time": 1.3333, "x": 0, "y": 0 }
				],
				"scale": [
					{ "time": 0, "x": 1, "y": 1, "curve": "stepped" },
					{ "time": 0.6666, "x": 1, "y": 1, "curve": "stepped" },
					{ "time": 1.3333, "x": 1, "y": 1 }
				]
			},
			"KupingKanan": {
				"rotate": [
					{ "time": 0, "angle": 0 },
					{ "time": 0.3333, "angle": 10 },
					{ "time": 0.6666, "angle": 0 },
					{ "time": 1, "angle": 10 },
					{ "time": 1.3333, "angle": 0 }
				],
				"translate": [
					{ "time": 0, "x": 0, "y": 0 }
				],
				"scale": [
					{ "time": 0, "x": 1, "y": 1 }
				]
			},
			"KupingKiri": {
				"rotate": [
					{ "time": 0, "angle": 0 },
					{ "time": 0.3333, "angle": 350 },
					{ "time": 0.6666, "angle": 0 },
					{ "time": 1, "angle": 350 },
					{ "time": 1.3333, "angle": 0 }
				],
				"translate": [
					{ "time": 0, "x": 0, "y": 0 }
				],
				"scale": [
					{ "time": 0, "x": 1, "y": 1 }
				]
			},
			"MataKanan": {
				"rotate": [
					{ "time": 0, "angle": 0 }
				],
				"translate": [
					{ "time": 0, "x": 0, "y": 0 }
				],
				"scale": [
					{ "time": 0, "x": 1, "y": 1 }
				]
			},
			"MataKiri": {
				"rotate": [
					{ "time": 0, "angle": 0 }
				],
				"translate": [
					{ "time": 0, "x": 0, "y": 0 }
				],
				"scale": [
					{ "time": 0, "x": 1, "y": 1 }
				]
			},
			"Mulut": {
				"rotate": [
					{ "time": 0, "angle": 0 }
				],
				"translate": [
					{ "time": 0, "x": 0, "y": 0 }
				],
				"scale": [
					{ "time": 0, "x": 1, "y": 1 }
				]
			},
			"Rambut": {
				"rotate": [
					{ "time": 0, "angle": 0 }
				],
				"translate": [
					{ "time": 0, "x": 0, "y": 0 }
				],
				"scale": [
					{ "time": 0, "x": 1, "y": 1 }
				]
			},
			"RonaKanan": {
				"rotate": [
					{ "time": 0, "angle": 0 }
				],
				"translate": [
					{ "time": 0, "x": 0, "y": 0 }
				],
				"scale": [
					{ "time": 0, "x": 1, "y": 1 }
				]
			},
			"RonaKiri": {
				"rotate": [
					{ "time": 0, "angle": 0 }
				],
				"translate": [
					{ "time": 0, "x": 0, "y": 0 }
				],
				"scale": [
					{ "time": 0, "x": 1, "y": 1 }
				]
			},
			"Kanan": {
				"rotate": [
					{ "time": 0, "angle": 21.95 }
				],
				"translate": [
					{ "time": 0, "x": 4.67, "y": 0 }
				],
				"scale": [
					{ "time": 0, "x": 1, "y": 1 }
				]
			},
			"Kiri": {
				"rotate": [
					{ "time": 0, "angle": -22.24 }
				],
				"translate": [
					{ "time": 0, "x": 0, "y": -1.55 }
				],
				"scale": [
					{ "time": 0, "x": 1, "y": 1 }
				]
			},
			"TanganKanan": {
				"rotate": [
					{ "time": 0, "angle": 100.85 },
					{ "time": 0.3333, "angle": 159.79 },
					{ "time": 0.6666, "angle": 100.85 },
					{ "time": 1, "angle": 159.79 },
					{ "time": 1.3333, "angle": 100.85 }
				],
				"translate": [
					{ "time": 0, "x": -12.81, "y": 6.96 },
					{ "time": 0.3333, "x": -18.71, "y": 0.05 },
					{ "time": 0.6666, "x": -12.81, "y": 6.96 },
					{ "time": 1, "x": -18.71, "y": 0.05 },
					{ "time": 1.3333, "x": -12.81, "y": 6.96 }
				],
				"scale": [
					{ "time": 0, "x": 1.133, "y": 1, "curve": "stepped" },
					{ "time": 0.6666, "x": 1.133, "y": 1, "curve": "stepped" },
					{ "time": 1.3333, "x": 1.133, "y": 1 }
				]
			},
			"TanganKiri": {
				"rotate": [
					{ "time": 0, "angle": -95.29 },
					{ "time": 0.3333, "angle": -73.76 },
					{ "time": 0.6666, "angle": -95.29 },
					{ "time": 1, "angle": -73.76 },
					{ "time": 1.3333, "angle": -95.29 }
				],
				"translate": [
					{ "time": 0, "x": -14.81, "y": -11.81 },
					{ "time": 0.3333, "x": -11.33, "y": -11.67 },
					{ "time": 0.6666, "x": -14.81, "y": -11.81 },
					{ "time": 1, "x": -11.33, "y": -11.67 },
					{ "time": 1.3333, "x": -14.81, "y": -11.81 }
				],
				"scale": [
					{ "time": 0, "x": 1.147, "y": 1, "curve": "stepped" },
					{ "time": 0.6666, "x": 1.147, "y": 1, "curve": "stepped" },
					{ "time": 1.3333, "x": 1.147, "y": 1 }
				]
			},
			"Pita": {
				"rotate": [
					{ "time": 0, "angle": 0 }
				],
				"translate": [
					{ "time": 0, "x": 0, "y": 0 }
				],
				"scale": [
					{ "time": 0, "x": 0, "y": 1 },
					{ "time": 0.3333, "x": 1, "y": 1 }
				]
			},
			"Glow": {
				"rotate": [
					{ "time": 0, "angle": 0 }
				],
				"translate": [
					{ "time": 0, "x": 4.64, "y": 0 }
				],
				"scale": [
					{ "time": 0, "x": 0.9, "y": 0.9 },
					{ "time": 0.3333, "x": 1, "y": 1 },
					{ "time": 0.6666, "x": 0.9, "y": 0.9 },
					{ "time": 1, "x": 1, "y": 1 },
					{ "time": 1.3333, "x": 0.9, "y": 0.9 }
				]
			},
			"BGResult": {
				"rotate": [
					{ "time": 0, "angle": 0 },
					{ "time": 1.3333, "angle": 270 }
				],
				"translate": [
					{ "time": 0, "x": 0, "y": 7.24 },
					{ "time": 0.3333, "x": 0, "y": 7.25 },
					{ "time": 0.6666, "x": 0, "y": 7.25 },
					{ "time": 1, "x": 0, "y": 7.26 },
					{ "time": 1.3333, "x": 0, "y": 7.27 }
				],
				"scale": [
					{ "time": 0, "x": 1, "y": 1 }
				]
			}
		}
	}
}
}