{
"skeleton": { "hash": "XBotWAvRyAOFcCEU/1KmL/s5SQU", "spine": "3.4.02", "width": 275.45, "height": 150, "images": "" },
"bones": [
	{ "name": "root" },
	{ "name": "Batang", "parent": "root", "x": -6.85, "y": -74.5, "color": "009b1aff" },
	{ "name": "Ad", "parent": "Batang", "x": 1.56, "y": 93.82, "color": "009b24ff" },
	{ "name": "DaunA", "parent": "Batang", "x": -59.82, "y": 84.29, "color": "009b2aff" },
	{ "name": "DaunB", "parent": "Batang", "x": 37.47, "y": 119.52, "color": "009b20ff" },
	{ "name": "JamurBesar", "parent": "Batang", "x": -2.31, "y": 25.96, "color": "009b1fff" },
	{ "name": "JamurKecil", "parent": "Batang", "x": 1.2, "y": 20.36, "color": "009b21ff" },
	{ "name": "PelatukKaki", "parent": "root", "x": 20.93, "y": -12.11, "color": "00059bff" },
	{ "name": "PelatukBadan", "parent": "PelatukKaki", "x": 9.53, "y": -4.02, "color": "00059bff" },
	{ "name": "PelatukEkor", "parent": "PelatukBadan", "x": 13.55, "y": -4.76, "color": "00029bff" },
	{ "name": "PelatukSayap", "parent": "PelatukBadan", "x": 11.77, "y": 18.17, "color": "00049bff" },
	{ "name": "SemakBelakangA", "parent": "root", "x": -53.16, "y": -29.73, "color": "9b0001ff" },
	{ "name": "SemakBelakangB", "parent": "root", "x": 24.58, "y": -21.81, "color": "9b0700ff" },
	{ "name": "SemakDepanA", "parent": "root", "x": -82.11, "y": -74.5, "color": "9b0100ff" },
	{ "name": "SemakDepanB", "parent": "root", "x": 71.34, "y": -74.5, "color": "9b0001ff" }
],
"slots": [
	{ "name": "SemakBelakangA", "bone": "SemakBelakangA", "attachment": "SemakBelakangA" },
	{ "name": "SemakBelakangB", "bone": "SemakBelakangB", "attachment": "SemakBelakangB" },
	{ "name": "Batang", "bone": "Batang", "attachment": "Batang" },
	{ "name": "DaunA", "bone": "DaunA", "attachment": "DaunA" },
	{ "name": "DaunB", "bone": "DaunB", "attachment": "DaunB" },
	{ "name": "Ad", "bone": "Ad", "attachment": "Ad" },
	{ "name": "SemakDepanB", "bone": "SemakDepanB", "attachment": "SemakDepanB" },
	{ "name": "SemakDepanA", "bone": "SemakDepanA", "attachment": "SemakDepanA" },
	{ "name": "JamurA", "bone": "JamurBesar", "attachment": "JamurA" },
	{ "name": "JamurB", "bone": "JamurKecil", "attachment": "JamurB" },
	{ "name": "PelatukKaki", "bone": "PelatukKaki", "attachment": "PelatukKaki" },
	{ "name": "PelatukEkor", "bone": "PelatukEkor", "attachment": "PelatukEkor" },
	{ "name": "PelatukBadan", "bone": "PelatukBadan", "attachment": "PelatukBadan" },
	{ "name": "PelatukSayap", "bone": "PelatukSayap", "attachment": "PelatukSayap" }
],
"skins": {
	"default": {
		"Ad": {
			"Ad": { "width": 45, "height": 25 }
		},
		"Batang": {
			"Batang": { "x": -6.88, "y": 73.82, "width": 108, "height": 151 }
		},
		"DaunA": {
			"DaunA": { "x": -6.29, "y": 0.79, "width": 18, "height": 14 }
		},
		"DaunB": {
			"DaunB": { "x": 5.03, "y": 2.43, "width": 11, "height": 6 }
		},
		"JamurA": {
			"JamurA": { "x": -3.95, "y": 10.58, "width": 48, "height": 25 }
		},
		"JamurB": {
			"JamurB": { "x": 3.4, "y": 6.07, "width": 25, "height": 17 }
		},
		"PelatukBadan": {
			"PelatukBadan": { "x": 12.69, "y": 25.9, "width": 48, "height": 81 },
			"PelatukBadan1": { "x": 12.7, "y": 25.9, "width": 48, "height": 81 },
			"PelatukBadan2": { "x": 12.7, "y": 25.9, "width": 48, "height": 80 }
		},
		"PelatukEkor": {
			"PelatukEkor": { "x": -4.69, "y": -18.79, "width": 20, "height": 44 }
		},
		"PelatukKaki": {
			"PelatukKaki": { "x": 6.43, "y": 0.37, "width": 19, "height": 18 }
		},
		"PelatukSayap": {
			"PelatukSayap": { "x": 1.39, "y": -17.39, "width": 25, "height": 51 }
		},
		"SemakBelakangA": {
			"SemakBelakangA": { "width": 137, "height": 92 }
		},
		"SemakBelakangB": {
			"SemakBelakangB": { "width": 162, "height": 108 }
		},
		"SemakDepanA": {
			"SemakDepanA": { "y": 24, "width": 118, "height": 50 }
		},
		"SemakDepanB": {
			"SemakDepanB": { "y": 26.1, "width": 127, "height": 54 }
		}
	}
},
"animations": {
	"AdsIdle": {
		"slots": {
			"PelatukBadan": {
				"attachment": [
					{ "time": 0, "name": "PelatukBadan" },
					{ "time": 0.6666, "name": "PelatukBadan" },
					{ "time": 1.3333, "name": "PelatukBadan" },
					{ "time": 2, "name": "PelatukBadan" },
					{ "time": 2.5, "name": "PelatukBadan1" },
					{ "time": 2.6666, "name": "PelatukBadan" },
					{ "time": 3.3333, "name": "PelatukBadan" },
					{ "time": 3.5, "name": "PelatukBadan2" },
					{ "time": 3.6333, "name": "PelatukBadan2" },
					{ "time": 3.7, "name": "PelatukBadan2" },
					{ "time": 3.7666, "name": "PelatukBadan2" },
					{ "time": 3.9, "name": "PelatukBadan2" },
					{ "time": 4.0333, "name": "PelatukBadan2" },
					{ "time": 4.1666, "name": "PelatukBadan2" },
					{ "time": 4.3, "name": "PelatukBadan2" },
					{ "time": 4.4333, "name": "PelatukBadan2" }
				]
			}
		},
		"bones": {
			"root": {
				"rotate": [
					{ "time": 0, "angle": 0, "curve": "stepped" },
					{ "time": 0.6666, "angle": 0, "curve": "stepped" },
					{ "time": 1.3333, "angle": 0, "curve": "stepped" },
					{ "time": 2, "angle": 0, "curve": "stepped" },
					{ "time": 2.6666, "angle": 0, "curve": "stepped" },
					{ "time": 3.3333, "angle": 0 }
				],
				"translate": [
					{ "time": 0, "x": 0, "y": 0, "curve": "stepped" },
					{ "time": 0.6666, "x": 0, "y": 0, "curve": "stepped" },
					{ "time": 1.3333, "x": 0, "y": 0, "curve": "stepped" },
					{ "time": 2, "x": 0, "y": 0, "curve": "stepped" },
					{ "time": 2.6666, "x": 0, "y": 0, "curve": "stepped" },
					{ "time": 3.3333, "x": 0, "y": 0 }
				],
				"scale": [
					{ "time": 0, "x": 1, "y": 1, "curve": "stepped" },
					{ "time": 0.6666, "x": 1, "y": 1, "curve": "stepped" },
					{ "time": 1.3333, "x": 1, "y": 1, "curve": "stepped" },
					{ "time": 2, "x": 1, "y": 1, "curve": "stepped" },
					{ "time": 2.6666, "x": 1, "y": 1, "curve": "stepped" },
					{ "time": 3.3333, "x": 1, "y": 1 }
				]
			},
			"SemakDepanA": {
				"rotate": [
					{ "time": 0, "angle": 0, "curve": "stepped" },
					{ "time": 0.6666, "angle": 0, "curve": "stepped" },
					{ "time": 1.3333, "angle": 0, "curve": "stepped" },
					{ "time": 2, "angle": 0, "curve": "stepped" },
					{ "time": 2.6666, "angle": 0, "curve": "stepped" },
					{ "time": 3.3333, "angle": 0, "curve": "stepped" },
					{ "time": 3.5, "angle": 0 }
				],
				"translate": [
					{ "time": 0, "x": 0, "y": 0, "curve": "stepped" },
					{ "time": 0.6666, "x": 0, "y": 0, "curve": "stepped" },
					{ "time": 1.3333, "x": 0, "y": 0, "curve": "stepped" },
					{ "time": 2, "x": 0, "y": 0, "curve": "stepped" },
					{ "time": 2.6666, "x": 0, "y": 0, "curve": "stepped" },
					{ "time": 3.3333, "x": 0, "y": 0, "curve": "stepped" },
					{ "time": 3.5, "x": 0, "y": 0 }
				],
				"scale": [
					{ "time": 0, "x": 1, "y": 1 },
					{ "time": 0.3333, "x": 1, "y": 0.945 },
					{ "time": 0.6666, "x": 1, "y": 1 },
					{ "time": 1, "x": 1, "y": 0.945 },
					{ "time": 1.3333, "x": 1, "y": 1 },
					{ "time": 1.6666, "x": 1, "y": 0.945 },
					{ "time": 2, "x": 1, "y": 1 },
					{ "time": 2.3333, "x": 1, "y": 0.945 },
					{ "time": 2.6666, "x": 1, "y": 1 },
					{ "time": 3, "x": 1, "y": 0.945 },
					{ "time": 3.3333, "x": 1, "y": 1, "curve": "stepped" },
					{ "time": 3.5, "x": 1, "y": 1 },
					{ "time": 3.5666, "x": 1.047, "y": 1.047 },
					{ "time": 3.6333, "x": 1, "y": 1 },
					{ "time": 3.7, "x": 1.047, "y": 1.047 },
					{ "time": 3.7666, "x": 1, "y": 1 },
					{ "time": 3.8333, "x": 1.047, "y": 1.047 },
					{ "time": 3.9, "x": 1, "y": 1 },
					{ "time": 3.9666, "x": 1.047, "y": 1.047 },
					{ "time": 4.0333, "x": 1, "y": 1 },
					{ "time": 4.1, "x": 1.047, "y": 1.047 },
					{ "time": 4.1666, "x": 1, "y": 1 },
					{ "time": 4.2333, "x": 1.047, "y": 1.047 },
					{ "time": 4.3, "x": 1, "y": 1 },
					{ "time": 4.3666, "x": 1.047, "y": 1.047 },
					{ "time": 4.4333, "x": 1, "y": 1 },
					{ "time": 4.5, "x": 1.047, "y": 1.047 }
				]
			},
			"SemakDepanB": {
				"rotate": [
					{ "time": 0, "angle": 0, "curve": "stepped" },
					{ "time": 0.6666, "angle": 0, "curve": "stepped" },
					{ "time": 1.3333, "angle": 0, "curve": "stepped" },
					{ "time": 2, "angle": 0, "curve": "stepped" },
					{ "time": 2.6666, "angle": 0, "curve": "stepped" },
					{ "time": 3.3333, "angle": 0, "curve": "stepped" },
					{ "time": 3.5, "angle": 0 }
				],
				"translate": [
					{ "time": 0, "x": 0, "y": 0, "curve": "stepped" },
					{ "time": 0.6666, "x": 0, "y": 0, "curve": "stepped" },
					{ "time": 1.3333, "x": 0, "y": 0, "curve": "stepped" },
					{ "time": 2, "x": 0, "y": 0, "curve": "stepped" },
					{ "time": 2.6666, "x": 0, "y": 0, "curve": "stepped" },
					{ "time": 3.3333, "x": 0, "y": 0, "curve": "stepped" },
					{ "time": 3.5, "x": 0, "y": 0 }
				],
				"scale": [
					{ "time": 0, "x": 1, "y": 1 },
					{ "time": 0.3333, "x": 1, "y": 1.05 },
					{ "time": 0.6666, "x": 1, "y": 1 },
					{ "time": 1, "x": 1, "y": 1.05 },
					{ "time": 1.3333, "x": 1, "y": 1 },
					{ "time": 1.6666, "x": 1, "y": 1.05 },
					{ "time": 2, "x": 1, "y": 1 },
					{ "time": 2.3333, "x": 1, "y": 1.05 },
					{ "time": 2.6666, "x": 1, "y": 1 },
					{ "time": 3, "x": 1, "y": 1.05 },
					{ "time": 3.3333, "x": 1, "y": 1, "curve": "stepped" },
					{ "time": 3.5, "x": 1, "y": 1 },
					{ "time": 3.5666, "x": 1.047, "y": 1.047 },
					{ "time": 3.6333, "x": 1, "y": 1 },
					{ "time": 3.7, "x": 1.047, "y": 1.047 },
					{ "time": 3.7666, "x": 1, "y": 1 },
					{ "time": 3.8333, "x": 1.047, "y": 1.047 },
					{ "time": 3.9, "x": 1, "y": 1 },
					{ "time": 3.9666, "x": 1.047, "y": 1.047 },
					{ "time": 4.0333, "x": 1, "y": 1 },
					{ "time": 4.1, "x": 1.047, "y": 1.047 },
					{ "time": 4.1666, "x": 1, "y": 1 },
					{ "time": 4.2333, "x": 1.047, "y": 1.047 },
					{ "time": 4.3, "x": 1, "y": 1 },
					{ "time": 4.3666, "x": 1.047, "y": 1.047 },
					{ "time": 4.4333, "x": 1, "y": 1 },
					{ "time": 4.5, "x": 1.047, "y": 1.047 }
				]
			},
			"SemakBelakangA": {
				"rotate": [
					{ "time": 0, "angle": 0, "curve": "stepped" },
					{ "time": 0.6666, "angle": 0, "curve": "stepped" },
					{ "time": 1.3333, "angle": 0, "curve": "stepped" },
					{ "time": 2, "angle": 0, "curve": "stepped" },
					{ "time": 2.6666, "angle": 0, "curve": "stepped" },
					{ "time": 3.3333, "angle": 0, "curve": "stepped" },
					{ "time": 3.5, "angle": 0 }
				],
				"translate": [
					{ "time": 0, "x": 0, "y": 0, "curve": "stepped" },
					{ "time": 0.6666, "x": 0, "y": 0, "curve": "stepped" },
					{ "time": 1.3333, "x": 0, "y": 0, "curve": "stepped" },
					{ "time": 2, "x": 0, "y": 0, "curve": "stepped" },
					{ "time": 2.6666, "x": 0, "y": 0, "curve": "stepped" },
					{ "time": 3.3333, "x": 0, "y": 0, "curve": "stepped" },
					{ "time": 3.5, "x": 0, "y": 0 }
				],
				"scale": [
					{ "time": 0, "x": 1, "y": 1 },
					{ "time": 0.3333, "x": 1, "y": 1.05 },
					{ "time": 0.6666, "x": 1, "y": 1 },
					{ "time": 1, "x": 1, "y": 1.05 },
					{ "time": 1.3333, "x": 1, "y": 1 },
					{ "time": 1.6666, "x": 1, "y": 1.05 },
					{ "time": 2, "x": 1, "y": 1 },
					{ "time": 2.3333, "x": 1, "y": 1.05 },
					{ "time": 2.6666, "x": 1, "y": 1 },
					{ "time": 3, "x": 1, "y": 1.05 },
					{ "time": 3.3333, "x": 1, "y": 1, "curve": "stepped" },
					{ "time": 3.5, "x": 1, "y": 1 },
					{ "time": 3.5666, "x": 1.047, "y": 1.047 },
					{ "time": 3.6333, "x": 1, "y": 1 },
					{ "time": 3.7, "x": 1.047, "y": 1.047 },
					{ "time": 3.7666, "x": 1, "y": 1 },
					{ "time": 3.8333, "x": 1.047, "y": 1.047 },
					{ "time": 3.9, "x": 1, "y": 1 },
					{ "time": 3.9666, "x": 1.047, "y": 1.047 },
					{ "time": 4.0333, "x": 1, "y": 1 },
					{ "time": 4.1, "x": 1.047, "y": 1.047 },
					{ "time": 4.1666, "x": 1, "y": 1 },
					{ "time": 4.2333, "x": 1.047, "y": 1.047 },
					{ "time": 4.3, "x": 1, "y": 1 },
					{ "time": 4.3666, "x": 1.047, "y": 1.047 },
					{ "time": 4.4333, "x": 1, "y": 1 },
					{ "time": 4.5, "x": 1.047, "y": 1.047 }
				]
			},
			"SemakBelakangB": {
				"rotate": [
					{ "time": 0, "angle": 0, "curve": "stepped" },
					{ "time": 0.6666, "angle": 0, "curve": "stepped" },
					{ "time": 1.3333, "angle": 0, "curve": "stepped" },
					{ "time": 2, "angle": 0, "curve": "stepped" },
					{ "time": 2.6666, "angle": 0, "curve": "stepped" },
					{ "time": 3.3333, "angle": 0, "curve": "stepped" },
					{ "time": 3.5, "angle": 0 }
				],
				"translate": [
					{ "time": 0, "x": 0, "y": 0, "curve": "stepped" },
					{ "time": 0.6666, "x": 0, "y": 0, "curve": "stepped" },
					{ "time": 1.3333, "x": 0, "y": 0, "curve": "stepped" },
					{ "time": 2, "x": 0, "y": 0, "curve": "stepped" },
					{ "time": 2.6666, "x": 0, "y": 0, "curve": "stepped" },
					{ "time": 3.3333, "x": 0, "y": 0, "curve": "stepped" },
					{ "time": 3.5, "x": 0, "y": 0 }
				],
				"scale": [
					{ "time": 0, "x": 1, "y": 1 },
					{ "time": 0.3333, "x": 1, "y": 0.95 },
					{ "time": 0.6666, "x": 1, "y": 1 },
					{ "time": 1, "x": 1, "y": 0.95 },
					{ "time": 1.3333, "x": 1, "y": 1 },
					{ "time": 1.6666, "x": 1, "y": 0.95 },
					{ "time": 2, "x": 1, "y": 1 },
					{ "time": 2.3333, "x": 1, "y": 0.95 },
					{ "time": 2.6666, "x": 1, "y": 1 },
					{ "time": 3, "x": 1, "y": 0.95 },
					{ "time": 3.3333, "x": 1, "y": 1, "curve": "stepped" },
					{ "time": 3.5, "x": 1, "y": 1 },
					{ "time": 3.5666, "x": 1.047, "y": 1.047 },
					{ "time": 3.6333, "x": 1, "y": 1 },
					{ "time": 3.7, "x": 1.047, "y": 1.047 },
					{ "time": 3.7666, "x": 1, "y": 1 },
					{ "time": 3.8333, "x": 1.047, "y": 1.047 },
					{ "time": 3.9, "x": 1, "y": 1 },
					{ "time": 3.9666, "x": 1.047, "y": 1.047 },
					{ "time": 4.0333, "x": 1, "y": 1 },
					{ "time": 4.1, "x": 1.047, "y": 1.047 },
					{ "time": 4.1666, "x": 1, "y": 1 },
					{ "time": 4.2333, "x": 1.047, "y": 1.047 },
					{ "time": 4.3, "x": 1, "y": 1 },
					{ "time": 4.3666, "x": 1.047, "y": 1.047 },
					{ "time": 4.4333, "x": 1, "y": 1 },
					{ "time": 4.5, "x": 1.047, "y": 1.047 }
				]
			},
			"Batang": {
				"rotate": [
					{ "time": 0, "angle": 0, "curve": "stepped" },
					{ "time": 0.6666, "angle": 0, "curve": "stepped" },
					{ "time": 1.3333, "angle": 0, "curve": "stepped" },
					{ "time": 2, "angle": 0, "curve": "stepped" },
					{ "time": 2.6666, "angle": 0, "curve": "stepped" },
					{ "time": 3.3333, "angle": 0, "curve": "stepped" },
					{ "time": 3.5, "angle": 0 },
					{ "time": 3.5666, "angle": 1 },
					{ "time": 3.6333, "angle": 0 },
					{ "time": 3.7, "angle": 1 },
					{ "time": 3.7666, "angle": 0 },
					{ "time": 3.8333, "angle": 1 },
					{ "time": 3.9, "angle": 0 },
					{ "time": 3.9666, "angle": 1 },
					{ "time": 4.0333, "angle": 0 },
					{ "time": 4.1, "angle": 1 },
					{ "time": 4.1666, "angle": 0 },
					{ "time": 4.2333, "angle": 1 },
					{ "time": 4.3, "angle": 0 },
					{ "time": 4.3666, "angle": 1 },
					{ "time": 4.4333, "angle": 0 },
					{ "time": 4.5, "angle": 1 }
				],
				"translate": [
					{ "time": 0, "x": 0, "y": 0, "curve": "stepped" },
					{ "time": 0.6666, "x": 0, "y": 0, "curve": "stepped" },
					{ "time": 1.3333, "x": 0, "y": 0, "curve": "stepped" },
					{ "time": 2, "x": 0, "y": 0, "curve": "stepped" },
					{ "time": 2.6666, "x": 0, "y": 0, "curve": "stepped" },
					{ "time": 3.3333, "x": 0, "y": 0 }
				],
				"scale": [
					{ "time": 0, "x": 1, "y": 1, "curve": "stepped" },
					{ "time": 0.6666, "x": 1, "y": 1, "curve": "stepped" },
					{ "time": 1.3333, "x": 1, "y": 1, "curve": "stepped" },
					{ "time": 2, "x": 1, "y": 1, "curve": "stepped" },
					{ "time": 2.6666, "x": 1, "y": 1, "curve": "stepped" },
					{ "time": 3.3333, "x": 1, "y": 1 }
				]
			},
			"JamurBesar": {
				"rotate": [
					{ "time": 0, "angle": 0, "curve": "stepped" },
					{ "time": 0.6666, "angle": 0, "curve": "stepped" },
					{ "time": 1.3333, "angle": 0, "curve": "stepped" },
					{ "time": 2, "angle": 0, "curve": "stepped" },
					{ "time": 2.6666, "angle": 0, "curve": "stepped" },
					{ "time": 3.3333, "angle": 0 }
				],
				"translate": [
					{ "time": 0, "x": 0, "y": 0, "curve": "stepped" },
					{ "time": 0.6666, "x": 0, "y": 0, "curve": "stepped" },
					{ "time": 1.3333, "x": 0, "y": 0, "curve": "stepped" },
					{ "time": 2, "x": 0, "y": 0, "curve": "stepped" },
					{ "time": 2.6666, "x": 0, "y": 0, "curve": "stepped" },
					{ "time": 3.3333, "x": 0, "y": 0 }
				],
				"scale": [
					{ "time": 0, "x": 1, "y": 1, "curve": "stepped" },
					{ "time": 0.6666, "x": 1, "y": 1, "curve": "stepped" },
					{ "time": 1.3333, "x": 1, "y": 1, "curve": "stepped" },
					{ "time": 2, "x": 1, "y": 1, "curve": "stepped" },
					{ "time": 2.6666, "x": 1, "y": 1, "curve": "stepped" },
					{ "time": 3.3333, "x": 1, "y": 1 }
				]
			},
			"JamurKecil": {
				"rotate": [
					{ "time": 0, "angle": 0, "curve": "stepped" },
					{ "time": 0.6666, "angle": 0, "curve": "stepped" },
					{ "time": 1.3333, "angle": 0, "curve": "stepped" },
					{ "time": 2, "angle": 0, "curve": "stepped" },
					{ "time": 2.6666, "angle": 0, "curve": "stepped" },
					{ "time": 3.3333, "angle": 0 }
				],
				"translate": [
					{ "time": 0, "x": 0, "y": 0, "curve": "stepped" },
					{ "time": 0.6666, "x": 0, "y": 0, "curve": "stepped" },
					{ "time": 1.3333, "x": 0, "y": 0, "curve": "stepped" },
					{ "time": 2, "x": 0, "y": 0, "curve": "stepped" },
					{ "time": 2.6666, "x": 0, "y": 0, "curve": "stepped" },
					{ "time": 3.3333, "x": 0, "y": 0 }
				],
				"scale": [
					{ "time": 0, "x": 1, "y": 1, "curve": "stepped" },
					{ "time": 0.6666, "x": 1, "y": 1, "curve": "stepped" },
					{ "time": 1.3333, "x": 1, "y": 1, "curve": "stepped" },
					{ "time": 2, "x": 1, "y": 1, "curve": "stepped" },
					{ "time": 2.6666, "x": 1, "y": 1, "curve": "stepped" },
					{ "time": 3.3333, "x": 1, "y": 1 }
				]
			},
			"DaunA": {
				"rotate": [
					{ "time": 0, "angle": 0 },
					{ "time": 0.3333, "angle": 5 },
					{ "time": 0.6666, "angle": 0 },
					{ "time": 1, "angle": 5 },
					{ "time": 1.3333, "angle": 0 },
					{ "time": 1.6666, "angle": 5 },
					{ "time": 2, "angle": 0 },
					{ "time": 2.3333, "angle": 5 },
					{ "time": 2.6666, "angle": 0 },
					{ "time": 3, "angle": 5 },
					{ "time": 3.3333, "angle": 0, "curve": "stepped" },
					{ "time": 3.5, "angle": 0 },
					{ "time": 3.5666, "angle": -10 },
					{ "time": 3.6333, "angle": 0 },
					{ "time": 3.7, "angle": -10 },
					{ "time": 3.7666, "angle": 0 },
					{ "time": 3.8333, "angle": -10 },
					{ "time": 3.9, "angle": 0 },
					{ "time": 3.9666, "angle": -10 },
					{ "time": 4.0333, "angle": 0 },
					{ "time": 4.1, "angle": -10 },
					{ "time": 4.1666, "angle": 0 },
					{ "time": 4.2333, "angle": -10 },
					{ "time": 4.3, "angle": 0 },
					{ "time": 4.3666, "angle": -10 },
					{ "time": 4.4333, "angle": 0 },
					{ "time": 4.5, "angle": -10 }
				],
				"translate": [
					{ "time": 0, "x": 0, "y": 0, "curve": "stepped" },
					{ "time": 0.6666, "x": 0, "y": 0, "curve": "stepped" },
					{ "time": 1.3333, "x": 0, "y": 0, "curve": "stepped" },
					{ "time": 2, "x": 0, "y": 0, "curve": "stepped" },
					{ "time": 2.6666, "x": 0, "y": 0, "curve": "stepped" },
					{ "time": 3.3333, "x": 0, "y": 0 }
				],
				"scale": [
					{ "time": 0, "x": 1, "y": 1, "curve": "stepped" },
					{ "time": 0.6666, "x": 1, "y": 1, "curve": "stepped" },
					{ "time": 1.3333, "x": 1, "y": 1, "curve": "stepped" },
					{ "time": 2, "x": 1, "y": 1, "curve": "stepped" },
					{ "time": 2.6666, "x": 1, "y": 1, "curve": "stepped" },
					{ "time": 3.3333, "x": 1, "y": 1 }
				]
			},
			"DaunB": {
				"rotate": [
					{ "time": 0, "angle": 0 },
					{ "time": 0.3333, "angle": 5 },
					{ "time": 0.6666, "angle": 0 },
					{ "time": 1, "angle": 5 },
					{ "time": 1.3333, "angle": 0 },
					{ "time": 1.6666, "angle": 5 },
					{ "time": 2, "angle": 0 },
					{ "time": 2.3333, "angle": 5 },
					{ "time": 2.6666, "angle": 0 },
					{ "time": 3, "angle": 5 },
					{ "time": 3.3333, "angle": 0, "curve": "stepped" },
					{ "time": 3.5, "angle": 0 },
					{ "time": 3.5666, "angle": -10 },
					{ "time": 3.6333, "angle": 0 },
					{ "time": 3.7, "angle": -10 },
					{ "time": 3.7666, "angle": 0 },
					{ "time": 3.8333, "angle": -10 },
					{ "time": 3.9, "angle": 0 },
					{ "time": 3.9666, "angle": -10 },
					{ "time": 4.0333, "angle": 0 },
					{ "time": 4.1, "angle": -10 },
					{ "time": 4.1666, "angle": 0 },
					{ "time": 4.2333, "angle": -10 },
					{ "time": 4.3, "angle": 0 },
					{ "time": 4.3666, "angle": -10 },
					{ "time": 4.4333, "angle": 0 },
					{ "time": 4.5, "angle": -10 }
				],
				"translate": [
					{ "time": 0, "x": 0, "y": 0, "curve": "stepped" },
					{ "time": 0.6666, "x": 0, "y": 0, "curve": "stepped" },
					{ "time": 1.3333, "x": 0, "y": 0, "curve": "stepped" },
					{ "time": 2, "x": 0, "y": 0, "curve": "stepped" },
					{ "time": 2.6666, "x": 0, "y": 0, "curve": "stepped" },
					{ "time": 3.3333, "x": 0, "y": 0 }
				],
				"scale": [
					{ "time": 0, "x": 1, "y": 1, "curve": "stepped" },
					{ "time": 0.6666, "x": 1, "y": 1, "curve": "stepped" },
					{ "time": 1.3333, "x": 1, "y": 1, "curve": "stepped" },
					{ "time": 2, "x": 1, "y": 1, "curve": "stepped" },
					{ "time": 2.6666, "x": 1, "y": 1, "curve": "stepped" },
					{ "time": 3.3333, "x": 1, "y": 1 }
				]
			},
			"Ad": {
				"rotate": [
					{ "time": 0, "angle": 0, "curve": "stepped" },
					{ "time": 0.6666, "angle": 0, "curve": "stepped" },
					{ "time": 1.3333, "angle": 0, "curve": "stepped" },
					{ "time": 2, "angle": 0, "curve": "stepped" },
					{ "time": 2.6666, "angle": 0, "curve": "stepped" },
					{ "time": 3.3333, "angle": 0 }
				],
				"translate": [
					{ "time": 0, "x": 0, "y": 0, "curve": "stepped" },
					{ "time": 0.6666, "x": 0, "y": 0, "curve": "stepped" },
					{ "time": 1.3333, "x": 0, "y": 0, "curve": "stepped" },
					{ "time": 2, "x": 0, "y": 0, "curve": "stepped" },
					{ "time": 2.6666, "x": 0, "y": 0, "curve": "stepped" },
					{ "time": 3.3333, "x": 0, "y": 0 }
				],
				"scale": [
					{ "time": 0, "x": 1, "y": 1, "curve": "stepped" },
					{ "time": 0.6666, "x": 1, "y": 1, "curve": "stepped" },
					{ "time": 1.3333, "x": 1, "y": 1, "curve": "stepped" },
					{ "time": 2, "x": 1, "y": 1, "curve": "stepped" },
					{ "time": 2.6666, "x": 1, "y": 1, "curve": "stepped" },
					{ "time": 3.3333, "x": 1, "y": 1, "curve": "stepped" },
					{ "time": 3.5, "x": 1, "y": 1 },
					{ "time": 3.5666, "x": 0.964, "y": 0.964 },
					{ "time": 3.6333, "x": 1, "y": 1 },
					{ "time": 3.7, "x": 0.964, "y": 0.964 },
					{ "time": 3.7666, "x": 1, "y": 1 },
					{ "time": 3.8333, "x": 0.964, "y": 0.964 },
					{ "time": 3.9, "x": 1, "y": 1 },
					{ "time": 3.9666, "x": 0.964, "y": 0.964 },
					{ "time": 4.0333, "x": 1, "y": 1 },
					{ "time": 4.1, "x": 0.964, "y": 0.964 },
					{ "time": 4.1666, "x": 1, "y": 1 },
					{ "time": 4.2333, "x": 0.964, "y": 0.964 },
					{ "time": 4.3, "x": 1, "y": 1 },
					{ "time": 4.3666, "x": 0.964, "y": 0.964 },
					{ "time": 4.4333, "x": 1, "y": 1 },
					{ "time": 4.5, "x": 0.964, "y": 0.964 }
				]
			},
			"PelatukKaki": {
				"rotate": [
					{ "time": 0, "angle": 0, "curve": "stepped" },
					{ "time": 0.6666, "angle": 0, "curve": "stepped" },
					{ "time": 1.3333, "angle": 0, "curve": "stepped" },
					{ "time": 2, "angle": 0, "curve": "stepped" },
					{ "time": 2.6666, "angle": 0, "curve": "stepped" },
					{ "time": 3.3333, "angle": 0 }
				],
				"translate": [
					{ "time": 0, "x": 0, "y": 0, "curve": "stepped" },
					{ "time": 0.6666, "x": 0, "y": 0, "curve": "stepped" },
					{ "time": 1.3333, "x": 0, "y": 0, "curve": "stepped" },
					{ "time": 2, "x": 0, "y": 0, "curve": "stepped" },
					{ "time": 2.6666, "x": 0, "y": 0, "curve": "stepped" },
					{ "time": 3.3333, "x": 0, "y": 0 }
				],
				"scale": [
					{ "time": 0, "x": 1, "y": 1, "curve": "stepped" },
					{ "time": 0.6666, "x": 1, "y": 1, "curve": "stepped" },
					{ "time": 1.3333, "x": 1, "y": 1, "curve": "stepped" },
					{ "time": 2, "x": 1, "y": 1, "curve": "stepped" },
					{ "time": 2.6666, "x": 1, "y": 1, "curve": "stepped" },
					{ "time": 3.3333, "x": 1, "y": 1 }
				]
			},
			"PelatukBadan": {
				"rotate": [
					{ "time": 0, "angle": 0 },
					{ "time": 0.3333, "angle": 358 },
					{ "time": 0.6666, "angle": 0 },
					{ "time": 1, "angle": 358 },
					{ "time": 1.3333, "angle": 0 },
					{ "time": 1.6666, "angle": 358 },
					{ "time": 2, "angle": 0 },
					{ "time": 2.3333, "angle": 358 },
					{ "time": 2.6666, "angle": 0 },
					{ "time": 3, "angle": 358 },
					{ "time": 3.3333, "angle": 0 },
					{ "time": 3.5, "angle": -20 },
					{ "time": 3.5666, "angle": 0 },
					{ "time": 3.6333, "angle": -20 },
					{ "time": 3.7, "angle": 0 },
					{ "time": 3.7666, "angle": -20 },
					{ "time": 3.8333, "angle": 0 },
					{ "time": 3.9, "angle": -20 },
					{ "time": 3.9666, "angle": 0 },
					{ "time": 4.0333, "angle": -20 },
					{ "time": 4.1, "angle": 0 },
					{ "time": 4.1666, "angle": -20 },
					{ "time": 4.2333, "angle": 0 },
					{ "time": 4.3, "angle": -20 },
					{ "time": 4.3666, "angle": 0 },
					{ "time": 4.4333, "angle": -20 },
					{ "time": 4.5, "angle": 0 }
				],
				"translate": [
					{ "time": 0, "x": 0, "y": 0, "curve": "stepped" },
					{ "time": 0.6666, "x": 0, "y": 0, "curve": "stepped" },
					{ "time": 1.3333, "x": 0, "y": 0, "curve": "stepped" },
					{ "time": 2, "x": 0, "y": 0, "curve": "stepped" },
					{ "time": 2.6666, "x": 0, "y": 0, "curve": "stepped" },
					{ "time": 3.3333, "x": 0, "y": 0 }
				],
				"scale": [
					{ "time": 0, "x": 1, "y": 1, "curve": "stepped" },
					{ "time": 0.6666, "x": 1, "y": 1, "curve": "stepped" },
					{ "time": 1.3333, "x": 1, "y": 1, "curve": "stepped" },
					{ "time": 2, "x": 1, "y": 1, "curve": "stepped" },
					{ "time": 2.6666, "x": 1, "y": 1, "curve": "stepped" },
					{ "time": 3.3333, "x": 1, "y": 1 }
				]
			},
			"PelatukSayap": {
				"rotate": [
					{ "time": 0, "angle": 0 },
					{ "time": 0.3333, "angle": 363 },
					{ "time": 0.6666, "angle": 0 },
					{ "time": 1, "angle": 363 },
					{ "time": 1.3333, "angle": 0 },
					{ "time": 1.6666, "angle": 363 },
					{ "time": 2, "angle": 0 },
					{ "time": 2.3333, "angle": 363 },
					{ "time": 2.6666, "angle": 0 },
					{ "time": 3, "angle": 363 },
					{ "time": 3.3333, "angle": 0 },
					{ "time": 3.5, "angle": 20 },
					{ "time": 3.5666, "angle": 10 },
					{ "time": 3.6333, "angle": 20, "curve": "stepped" },
					{ "time": 3.7, "angle": 20 },
					{ "time": 3.7666, "angle": 10, "curve": "stepped" },
					{ "time": 3.8333, "angle": 10 },
					{ "time": 3.9, "angle": 20 },
					{ "time": 3.9666, "angle": 10 },
					{ "time": 4.0333, "angle": 20 },
					{ "time": 4.1, "angle": 10 },
					{ "time": 4.1666, "angle": 20 },
					{ "time": 4.2333, "angle": 10 },
					{ "time": 4.3, "angle": 20 },
					{ "time": 4.3666, "angle": 10 },
					{ "time": 4.4333, "angle": 20 },
					{ "time": 4.5, "angle": 10 }
				],
				"translate": [
					{ "time": 0, "x": 0, "y": 0, "curve": "stepped" },
					{ "time": 0.6666, "x": 0, "y": 0, "curve": "stepped" },
					{ "time": 1.3333, "x": 0, "y": 0, "curve": "stepped" },
					{ "time": 2, "x": 0, "y": 0, "curve": "stepped" },
					{ "time": 2.6666, "x": 0, "y": 0, "curve": "stepped" },
					{ "time": 3.3333, "x": 0, "y": 0, "curve": "stepped" },
					{ "time": 3.5666, "x": 0, "y": 0, "curve": "stepped" },
					{ "time": 3.7, "x": 0, "y": 0, "curve": "stepped" },
					{ "time": 3.7666, "x": 0, "y": 0, "curve": "stepped" },
					{ "time": 3.8333, "x": 0, "y": 0, "curve": "stepped" },
					{ "time": 3.9666, "x": 0, "y": 0, "curve": "stepped" },
					{ "time": 4.1, "x": 0, "y": 0, "curve": "stepped" },
					{ "time": 4.2333, "x": 0, "y": 0, "curve": "stepped" },
					{ "time": 4.3666, "x": 0, "y": 0, "curve": "stepped" },
					{ "time": 4.5, "x": 0, "y": 0 }
				],
				"scale": [
					{ "time": 0, "x": 1, "y": 1, "curve": "stepped" },
					{ "time": 0.6666, "x": 1, "y": 1, "curve": "stepped" },
					{ "time": 1.3333, "x": 1, "y": 1, "curve": "stepped" },
					{ "time": 2, "x": 1, "y": 1, "curve": "stepped" },
					{ "time": 2.6666, "x": 1, "y": 1, "curve": "stepped" },
					{ "time": 3.3333, "x": 1, "y": 1, "curve": "stepped" },
					{ "time": 3.5666, "x": 1, "y": 1, "curve": "stepped" },
					{ "time": 3.7, "x": 1, "y": 1, "curve": "stepped" },
					{ "time": 3.7666, "x": 1, "y": 1, "curve": "stepped" },
					{ "time": 3.8333, "x": 1, "y": 1, "curve": "stepped" },
					{ "time": 3.9666, "x": 1, "y": 1, "curve": "stepped" },
					{ "time": 4.1, "x": 1, "y": 1, "curve": "stepped" },
					{ "time": 4.2333, "x": 1, "y": 1, "curve": "stepped" },
					{ "time": 4.3666, "x": 1, "y": 1, "curve": "stepped" },
					{ "time": 4.5, "x": 1, "y": 1 }
				]
			},
			"PelatukEkor": {
				"rotate": [
					{ "time": 0, "angle": 0, "curve": "stepped" },
					{ "time": 0.6666, "angle": 0, "curve": "stepped" },
					{ "time": 1.3333, "angle": 0, "curve": "stepped" },
					{ "time": 2, "angle": 0, "curve": "stepped" },
					{ "time": 2.6666, "angle": 0, "curve": "stepped" },
					{ "time": 3.3333, "angle": 0 },
					{ "time": 3.5, "angle": 50 },
					{ "time": 3.5666, "angle": 10 },
					{ "time": 3.6333, "angle": 50, "curve": "stepped" },
					{ "time": 3.7, "angle": 50 },
					{ "time": 3.7666, "angle": 10, "curve": "stepped" },
					{ "time": 3.8333, "angle": 10 },
					{ "time": 3.9, "angle": 50 },
					{ "time": 3.9666, "angle": 10 },
					{ "time": 4.0333, "angle": 50 },
					{ "time": 4.1, "angle": 10 },
					{ "time": 4.1666, "angle": 50 },
					{ "time": 4.2333, "angle": 10 },
					{ "time": 4.3, "angle": 50 },
					{ "time": 4.3666, "angle": 10 },
					{ "time": 4.4333, "angle": 50 },
					{ "time": 4.5, "angle": 10 }
				],
				"translate": [
					{ "time": 0, "x": 0, "y": 0, "curve": "stepped" },
					{ "time": 0.6666, "x": 0, "y": 0, "curve": "stepped" },
					{ "time": 1.3333, "x": 0, "y": 0, "curve": "stepped" },
					{ "time": 2, "x": 0, "y": 0, "curve": "stepped" },
					{ "time": 2.6666, "x": 0, "y": 0, "curve": "stepped" },
					{ "time": 3.3333, "x": 0, "y": 0 }
				],
				"scale": [
					{ "time": 0, "x": 1, "y": 1 },
					{ "time": 0.3333, "x": 1, "y": 0.984 },
					{ "time": 0.6666, "x": 1, "y": 1 },
					{ "time": 1, "x": 1, "y": 0.984 },
					{ "time": 1.3333, "x": 1, "y": 1 },
					{ "time": 1.6666, "x": 1, "y": 0.984 },
					{ "time": 2, "x": 1, "y": 1 },
					{ "time": 2.3333, "x": 1, "y": 0.984 },
					{ "time": 2.6666, "x": 1, "y": 1 },
					{ "time": 3, "x": 1, "y": 0.984 },
					{ "time": 3.3333, "x": 1, "y": 1 }
				]
			}
		}
	}
}
}