{"data":[{"name":"宝宝超市","app_key":"com.sinyee.babybus.shopping","url":"http://openbox.mobilem.360.cn/index/d/sid/3211907","_iOSurl":"https://itunes.apple.com/cn/app/bao-bao-chao-shi-bao-bao-ba/id1075740545?l=zh&ls=1&mt=8"},{"name":"宝宝甜品店","app_key":"com.sinyee.babybus.drinks","url":"http://openbox.mobilem.360.cn/index/d/sid/3288469","_iOSurl":""},{"name":"游乐园","app_key":"com.sinyee.babybus.amusement","url":"http://openbox.mobilem.360.cn/index/d/sid/3498558","_iOSurl":"https://itunes.apple.com/cn/app/bao-bao-you-le-yuan-hao-chi/id1150346397?l=zh&ls=1&mt=8"},{"name":"认知大全","app_key":"com.sinyee.babybus.puzzle","url":"http://openbox.mobilem.360.cn/index/d/sid/249744","_iOSurl":"https://itunes.apple.com/cn/app/bao-bao-tie-tie-zhi-bao-bao/id945988953?l=zh&ls=1&mt=8"},{"name":"宝宝巴士","app_key":"com.sinyee.babybus.talk2kiki","url":"http://openbox.mobilem.360.cn/index/d/sid/2773133","_iOSurl":"https://itunes.apple.com/cn/app/qi-qi-ai-shuo-hua-bao-bao-ba-shi/id967181200?mt=8"}]}